State,County,CensusTract,Urban,LILATracts_1And10,LILATracts_halfAnd10,LILATracts_1And20,LILATracts_Vehicle,LowIncomeTracts,LA1and10,LAhalfand10,LA1and20
Illinois,Cook County,17031010100,1,0,1,0,1,1,0,1,0
Illinois,Cook County,17031010201,1,0,0,0,0,1,0,0,0
Illinois,Cook County,17031010202,1,0,0,0,0,1,0,0,0
Illinois,Cook County,17031010300,1,0,1,0,1,1,0,1,0
Illinois,Cook County,17031010400,1,0,0,0,0,1,0,0,0
Illinois,Cook County,17031010501,1,0,0,0,0,1,0,0,0
Illinois,Cook County,17031010502,1,0,0,0,0,1,0,0,0
Illinois,Cook County,17031010503,1,0,0,0,0,1,0,0,0
Illinois,Cook County,17031010600,1,0,0,0,0,1,0,0,0
Illinois,Cook County,17031010701,1,0,0,0,0,1,0,0,0
Illinois,Cook County,17031010702,1,0,0,0,0,1,0,0,0
Illinois,Cook County,17031020100,1,0,0,0,0,1,0,0,0
Illinois,Cook County,17031020200,1,0,0,0,0,0,0,0,0
Illinois,Cook County,17031020301,1,0,0,0,0,0,0,1,0
Illinois,Cook County,17031020302,1,0,1,0,0,1,0,1,0
Illinois,Cook County,17031020400,1,0,0,0,0,0,0,1,0
Illinois,Cook County,17031020500,1,0,0,0,0,1,0,0,0
Illinois,Cook County,17031020601,1,0,0,0,0,1,0,0,0
Illinois,Cook County,17031020602,1,0,1,0,0,1,0,1,0
Illinois,Cook County,17031020701,1,0,0,0,0,0,0,1,0
Illinois,Cook County,17031020702,1,0,0,0,0,1,0,0,0
Illinois,Cook County,17031020801,1,0,0,0,0,1,0,0,0
Illinois,Cook County,17031020802,1,0,0,0,0,1,0,0,0
Illinois,Cook County,17031020901,1,0,0,0,0,1,0,0,0
Illinois,Cook County,17031020902,1,0,0,0,0,1,0,0,0
Illinois,Cook County,17031030101,1,0,0,0,0,1,0,0,0
Illinois,Cook County,17031030102,1,0,0,0,0,0,0,0,0
Illinois,Cook County,17031030103,1,0,0,0,0,0,0,0,0
Illinois,Cook County,17031030104,1,0,0,0,0,1,0,0,0
Illinois,Cook County,17031030200,1,0,0,0,0,0,0,0,0
Illinois,Cook County,17031030300,1,0,0,0,0,1,0,0,0
Illinois,Cook County,17031030400,1,0,0,0,0,1,0,0,0
Illinois,Cook County,17031030500,1,0,0,0,0,0,0,0,0
Illinois,Cook County,17031030601,1,0,0,0,0,1,0,0,0
Illinois,Cook County,17031030603,1,0,0,0,0,1,0,0,0
Illinois,Cook County,17031030604,1,0,0,0,0,1,0,0,0
Illinois,Cook County,17031030701,1,0,0,0,0,1,0,0,0
Illinois,Cook County,17031030702,1,0,0,0,0,0,0,0,0
Illinois,Cook County,17031030703,1,0,0,0,0,1,0,0,0
Illinois,Cook County,17031030706,1,0,0,0,0,1,0,0,0
Illinois,Cook County,17031030800,1,0,0,0,0,0,0,0,0
Illinois,Cook County,17031030900,1,0,0,0,0,0,0,0,0
Illinois,Cook County,17031031000,1,0,0,0,0,0,0,0,0
Illinois,Cook County,17031031100,1,0,0,0,0,0,0,0,0
Illinois,Cook County,17031031200,1,0,0,0,0,1,0,0,0
Illinois,Cook County,17031031300,1,0,0,0,0,1,0,0,0
Illinois,Cook County,17031031400,1,0,0,0,0,0,0,0,0
Illinois,Cook County,17031031501,1,0,0,0,0,1,0,0,0
Illinois,Cook County,17031031502,1,0,0,0,0,1,0,0,0
Illinois,Cook County,17031031700,1,0,0,0,0,1,0,0,0
Illinois,Cook County,17031031800,1,0,0,0,0,0,0,0,0
Illinois,Cook County,17031031900,1,0,0,0,0,0,0,0,0
Illinois,Cook County,17031032100,1,0,0,0,0,1,0,0,0
Illinois,Cook County,17031040100,1,0,0,0,0,0,0,1,0
Illinois,Cook County,17031040201,1,0,0,0,0,0,0,0,0
Illinois,Cook County,17031040202,1,0,0,0,0,1,0,0,0
Illinois,Cook County,17031040300,1,0,0,0,0,0,0,1,0
Illinois,Cook County,17031040401,1,0,0,0,0,0,0,0,0
Illinois,Cook County,17031040402,1,0,0,0,0,0,0,0,0
Illinois,Cook County,17031040600,1,0,0,0,0,0,0,0,0
Illinois,Cook County,17031040700,1,0,0,0,0,0,0,0,0
Illinois,Cook County,17031040800,1,0,0,0,0,0,0,0,0
Illinois,Cook County,17031040900,1,0,0,0,0,0,0,0,0
Illinois,Cook County,17031050100,1,0,0,0,0,0,0,0,0
Illinois,Cook County,17031050200,1,0,0,0,0,0,0,0,0
Illinois,Cook County,17031050300,1,0,0,0,0,0,0,0,0
Illinois,Cook County,17031050500,1,0,0,0,0,0,0,0,0
Illinois,Cook County,17031050600,1,0,0,0,0,0,0,0,0
Illinois,Cook County,17031050700,1,0,0,0,0,0,0,0,0
Illinois,Cook County,17031050800,1,0,0,0,0,0,0,0,0
Illinois,Cook County,17031050900,1,0,0,0,0,0,0,0,0
Illinois,Cook County,17031051000,1,0,0,0,0,0,0,0,0
Illinois,Cook County,17031051100,1,0,0,0,0,0,0,1,0
Illinois,Cook County,17031051200,1,0,0,0,0,0,0,1,0
Illinois,Cook County,17031051300,1,0,0,0,0,0,0,1,0
Illinois,Cook County,17031051400,1,0,0,0,0,0,0,1,0
Illinois,Cook County,17031060100,1,0,0,0,0,0,0,1,0
Illinois,Cook County,17031060200,1,0,0,0,0,0,0,1,0
Illinois,Cook County,17031060300,1,0,0,0,0,0,0,0,0
Illinois,Cook County,17031060400,1,0,0,0,0,0,0,0,0
Illinois,Cook County,17031060500,1,0,0,0,0,1,0,0,0
Illinois,Cook County,17031060800,1,0,0,0,0,0,0,0,0
Illinois,Cook County,17031060900,1,0,0,0,0,0,0,0,0
Illinois,Cook County,17031061000,1,0,0,0,0,0,0,0,0
Illinois,Cook County,17031061100,1,0,0,0,0,0,0,0,0
Illinois,Cook County,17031061200,1,0,0,0,0,0,0,0,0
Illinois,Cook County,17031061500,1,0,0,0,0,0,0,0,0
Illinois,Cook County,17031061800,1,0,0,0,0,0,0,0,0
Illinois,Cook County,17031061901,1,0,0,0,0,0,0,0,0
Illinois,Cook County,17031061902,1,0,0,0,0,0,0,0,0
Illinois,Cook County,17031062000,1,0,0,0,0,0,0,0,0
Illinois,Cook County,17031062100,1,0,0,0,0,0,0,0,0
Illinois,Cook County,17031062200,1,0,0,0,0,0,0,0,0
Illinois,Cook County,17031062300,1,0,0,0,0,0,0,0,0
Illinois,Cook County,17031062400,1,0,0,0,0,0,0,0,0
Illinois,Cook County,17031062500,1,0,0,0,0,0,0,0,0
Illinois,Cook County,17031062600,1,0,0,0,0,0,0,0,0
Illinois,Cook County,17031062700,1,0,0,0,0,0,0,0,0
Illinois,Cook County,17031062800,1,0,0,0,0,0,0,0,0
Illinois,Cook County,17031062900,1,0,0,0,0,0,0,1,0
Illinois,Cook County,17031063000,1,0,0,0,0,0,0,1,0
Illinois,Cook County,17031063100,1,0,0,0,0,0,0,0,0
Illinois,Cook County,17031063200,1,0,0,0,0,0,0,0,0
Illinois,Cook County,17031063301,1,0,0,0,0,0,0,0,0
Illinois,Cook County,17031063302,1,0,0,0,0,0,0,0,0
Illinois,Cook County,17031063303,1,0,0,0,0,0,0,0,0
Illinois,Cook County,17031063400,1,0,0,0,0,0,0,0,0
Illinois,Cook County,17031070101,1,0,0,0,0,0,0,0,0
Illinois,Cook County,17031070102,1,0,0,0,0,0,0,0,0
Illinois,Cook County,17031070103,1,0,0,0,0,0,0,0,0
Illinois,Cook County,17031070200,1,0,0,0,0,0,0,0,0
Illinois,Cook County,17031070300,1,0,0,0,0,0,0,0,0
Illinois,Cook County,17031070400,1,0,0,0,0,0,0,0,0
Illinois,Cook County,17031070500,1,0,0,0,0,0,0,1,0
Illinois,Cook County,17031070600,1,0,0,0,0,0,0,1,0
Illinois,Cook County,17031070700,1,0,0,0,0,0,0,0,0
Illinois,Cook County,17031071000,1,0,0,0,0,0,0,0,0
Illinois,Cook County,17031071100,1,0,0,0,0,0,0,0,0
Illinois,Cook County,17031071200,1,0,0,0,0,0,0,0,0
Illinois,Cook County,17031071300,1,0,0,0,0,0,0,0,0
Illinois,Cook County,17031071400,1,0,0,0,0,0,0,0,0
Illinois,Cook County,17031071500,1,0,0,0,0,0,0,0,0
Illinois,Cook County,17031071600,1,0,0,0,0,0,0,0,0
Illinois,Cook County,17031071700,1,0,0,0,0,0,0,0,0
Illinois,Cook County,17031071800,1,0,0,0,0,0,0,0,0
Illinois,Cook County,17031080100,1,0,0,0,0,0,0,0,0
Illinois,Cook County,17031080201,1,0,0,0,0,0,0,0,0
Illinois,Cook County,17031080202,1,0,0,0,0,0,0,0,0
Illinois,Cook County,17031080300,1,0,0,0,0,0,0,0,0
Illinois,Cook County,17031080400,1,0,0,0,0,1,0,0,0
Illinois,Cook County,17031081000,1,0,0,0,0,0,0,0,0
Illinois,Cook County,17031081100,1,0,0,0,0,0,0,0,0
Illinois,Cook County,17031081201,1,0,0,0,0,0,0,0,0
Illinois,Cook County,17031081202,1,0,0,0,0,0,0,0,0
Illinois,Cook County,17031081300,1,0,0,0,0,0,0,0,0
Illinois,Cook County,17031081401,1,0,0,0,0,0,0,0,0
Illinois,Cook County,17031081402,1,0,0,0,0,0,0,0,0
Illinois,Cook County,17031081403,1,0,0,0,0,0,0,0,0
Illinois,Cook County,17031081500,1,0,0,0,0,0,0,0,0
Illinois,Cook County,17031081600,1,0,0,0,0,0,0,0,0
Illinois,Cook County,17031081700,1,0,0,0,0,0,0,0,0
Illinois,Cook County,17031081800,1,0,0,0,0,0,0,0,0
Illinois,Cook County,17031081900,1,0,0,0,0,1,0,0,0
Illinois,Cook County,17031090100,1,0,0,0,0,0,0,1,0
Illinois,Cook County,17031090200,1,0,0,0,0,0,0,1,0
Illinois,Cook County,17031090300,1,0,0,0,0,0,0,0,0
Illinois,Cook County,17031100100,1,0,0,0,0,0,0,0,0
Illinois,Cook County,17031100200,1,0,0,0,0,0,0,1,0
Illinois,Cook County,17031100300,1,0,0,0,0,0,0,1,0
Illinois,Cook County,17031100400,1,0,0,0,0,0,0,1,0
Illinois,Cook County,17031100500,1,0,0,0,0,0,0,1,0
Illinois,Cook County,17031100600,1,0,0,0,0,0,0,1,0
Illinois,Cook County,17031100700,1,0,0,0,0,0,0,1,0
Illinois,Cook County,17031110100,1,0,0,0,0,0,0,0,0
Illinois,Cook County,17031110200,1,0,0,0,0,0,0,0,0
Illinois,Cook County,17031110300,1,0,0,0,0,0,0,1,0
Illinois,Cook County,17031110400,1,0,0,0,0,0,0,0,0
Illinois,Cook County,17031110501,1,0,0,0,0,0,0,0,0
Illinois,Cook County,17031110502,1,0,0,0,0,0,0,0,0
Illinois,Cook County,17031120100,1,0,0,0,0,0,0,0,0
Illinois,Cook County,17031120200,1,0,0,0,0,0,0,0,0
Illinois,Cook County,17031120300,1,0,0,0,0,0,0,1,0
Illinois,Cook County,17031120400,1,0,0,0,0,0,0,0,0
Illinois,Cook County,17031130100,1,0,0,0,0,0,0,1,0
Illinois,Cook County,17031130200,1,0,0,0,0,0,0,1,0
Illinois,Cook County,17031130300,1,0,1,0,1,1,0,1,0
Illinois,Cook County,17031140100,1,0,0,0,0,1,0,0,0
Illinois,Cook County,17031140200,1,0,0,0,0,1,0,0,0
Illinois,Cook County,17031140301,1,0,0,0,0,1,0,0,0
Illinois,Cook County,17031140302,1,0,0,0,0,0,0,0,0
Illinois,Cook County,17031140400,1,0,0,0,0,0,0,0,0
Illinois,Cook County,17031140500,1,0,1,0,0,1,0,1,0
Illinois,Cook County,17031140601,1,0,0,0,0,1,0,0,0
Illinois,Cook County,17031140602,1,0,0,0,0,1,0,0,0
Illinois,Cook County,17031140701,1,0,0,0,0,1,0,0,0
Illinois,Cook County,17031140702,1,0,0,0,0,1,0,0,0
Illinois,Cook County,17031140800,1,0,0,0,0,0,0,0,0
Illinois,Cook County,17031150200,1,0,0,0,0,0,0,0,0
Illinois,Cook County,17031150300,1,0,0,0,0,0,0,0,0
Illinois,Cook County,17031150401,1,0,0,0,0,0,0,0,0
Illinois,Cook County,17031150402,1,0,0,0,0,0,0,1,0
Illinois,Cook County,17031150501,1,0,0,0,0,0,0,0,0
Illinois,Cook County,17031150502,1,0,0,0,0,1,0,0,0
Illinois,Cook County,17031150600,1,0,0,0,0,0,0,1,0
Illinois,Cook County,17031150700,1,0,0,0,0,0,0,1,0
Illinois,Cook County,17031150800,1,0,1,0,0,1,0,1,0
Illinois,Cook County,17031151001,1,0,0,0,0,0,0,1,0
Illinois,Cook County,17031151002,1,0,1,0,0,1,0,1,0
Illinois,Cook County,17031151100,1,0,1,0,0,1,0,1,0
Illinois,Cook County,17031151200,1,0,0,0,0,0,0,0,0
Illinois,Cook County,17031160100,1,0,0,0,0,0,0,1,0
Illinois,Cook County,17031160200,1,0,0,0,0,0,0,1,0
Illinois,Cook County,17031160300,1,0,0,0,0,0,0,1,0
Illinois,Cook County,17031160400,1,0,0,0,0,0,0,0,0
Illinois,Cook County,17031160501,1,0,0,0,0,1,0,0,0
Illinois,Cook County,17031160502,1,0,0,0,0,1,0,0,0
Illinois,Cook County,17031160601,1,0,0,0,0,0,0,0,0
Illinois,Cook County,17031160602,1,0,0,0,0,1,0,0,0
Illinois,Cook County,17031160700,1,0,0,0,0,0,0,0,0
Illinois,Cook County,17031160800,1,0,0,0,0,1,0,0,0
Illinois,Cook County,17031160900,1,0,0,0,0,0,0,0,0
Illinois,Cook County,17031161000,1,0,0,0,0,0,0,1,0
Illinois,Cook County,17031161100,1,0,0,0,0,0,0,0,0
Illinois,Cook County,17031161200,1,0,0,0,0,0,0,0,0
Illinois,Cook County,17031161300,1,0,0,0,0,1,0,0,0
Illinois,Cook County,17031170100,1,0,0,0,0,0,0,0,0
Illinois,Cook County,17031170200,1,0,0,0,0,0,0,1,0
Illinois,Cook County,17031170300,1,0,0,0,0,0,0,1,0
Illinois,Cook County,17031170400,1,0,0,0,0,0,0,1,0
Illinois,Cook County,17031170500,1,0,0,0,0,0,0,1,0
Illinois,Cook County,17031170600,1,0,0,0,0,0,0,1,0
Illinois,Cook County,17031170700,1,0,0,0,0,0,0,1,0
Illinois,Cook County,17031170800,1,0,0,0,0,0,0,1,0
Illinois,Cook County,17031170900,1,0,0,0,0,0,0,1,0
Illinois,Cook County,17031171000,1,0,0,0,0,0,0,1,0
Illinois,Cook County,17031171100,1,0,0,0,0,0,0,0,0
Illinois,Cook County,17031180100,1,0,0,0,0,1,0,0,0
Illinois,Cook County,17031190100,1,0,0,0,0,1,0,0,0
Illinois,Cook County,17031190200,1,0,0,0,0,1,0,0,0
Illinois,Cook County,17031190300,1,0,0,0,0,0,0,0,0
Illinois,Cook County,17031190401,1,0,0,0,0,1,0,0,0
Illinois,Cook County,17031190402,1,0,0,0,0,1,0,0,0
Illinois,Cook County,17031190601,1,0,0,0,0,1,0,0,0
Illinois,Cook County,17031190602,1,0,0,0,0,1,0,0,0
Illinois,Cook County,17031190701,1,0,0,0,0,1,0,0,0
Illinois,Cook County,17031190702,1,0,0,0,0,1,0,0,0
Illinois,Cook County,17031190800,1,0,0,0,0,1,0,0,0
Illinois,Cook County,17031190900,1,0,0,0,0,1,0,0,0
Illinois,Cook County,17031191000,1,0,0,0,0,1,0,0,0
Illinois,Cook County,17031191100,1,0,0,0,0,1,0,0,0
Illinois,Cook County,17031191200,1,0,0,0,0,1,0,0,0
Illinois,Cook County,17031191301,1,0,0,0,0,1,0,0,0
Illinois,Cook County,17031191302,1,0,0,0,0,1,0,0,0
Illinois,Cook County,17031200100,1,0,0,0,0,1,0,0,0
Illinois,Cook County,17031200200,1,0,0,0,0,1,0,0,0
Illinois,Cook County,17031200300,1,0,0,0,0,1,0,0,0
Illinois,Cook County,17031200401,1,0,0,0,0,1,0,0,0
Illinois,Cook County,17031200402,1,0,0,0,0,1,0,0,0
Illinois,Cook County,17031210100,1,0,0,0,0,0,0,0,0
Illinois,Cook County,17031210400,1,0,0,0,0,1,0,0,0
Illinois,Cook County,17031210501,1,0,0,0,0,1,0,0,0
Illinois,Cook County,17031210502,1,0,0,0,0,1,0,0,0
Illinois,Cook County,17031210601,1,0,0,0,0,1,0,0,0
Illinois,Cook County,17031210602,1,0,0,0,0,1,0,0,0
Illinois,Cook County,17031210700,1,0,0,0,0,1,0,0,0
Illinois,Cook County,17031210800,1,0,0,0,0,1,0,0,0
Illinois,Cook County,17031210900,1,0,0,0,0,0,0,0,0
Illinois,Cook County,17031220300,1,0,0,0,0,0,0,0,0
Illinois,Cook County,17031220400,1,0,0,0,0,0,0,0,0
Illinois,Cook County,17031220500,1,0,0,0,0,0,0,0,0
Illinois,Cook County,17031220601,1,0,0,0,0,1,0,0,0
Illinois,Cook County,17031220602,1,0,0,0,0,1,0,0,0
Illinois,Cook County,17031220701,1,0,0,0,0,1,0,0,0
Illinois,Cook County,17031220702,1,0,0,0,0,1,0,0,0
Illinois,Cook County,17031220901,1,0,0,0,0,1,0,0,0
Illinois,Cook County,17031220902,1,0,0,0,0,1,0,0,0
Illinois,Cook County,17031221000,1,0,0,0,0,1,0,0,0
Illinois,Cook County,17031221100,1,0,0,0,0,1,0,0,0
Illinois,Cook County,17031221200,1,0,0,0,0,0,0,0,0
Illinois,Cook County,17031221300,1,0,0,0,0,1,0,0,0
Illinois,Cook County,17031221400,1,0,0,0,0,0,0,0,0
Illinois,Cook County,17031221500,1,0,0,0,0,0,0,0,0
Illinois,Cook County,17031221600,1,0,0,0,0,0,0,0,0
Illinois,Cook County,17031222200,1,0,0,0,0,0,0,0,0
Illinois,Cook County,17031222500,1,0,0,0,0,1,0,0,0
Illinois,Cook County,17031222600,1,0,0,0,0,0,0,0,0
Illinois,Cook County,17031222700,1,0,0,0,0,1,0,0,0
Illinois,Cook County,17031222800,1,0,0,0,0,1,0,0,0
Illinois,Cook County,17031222900,1,0,0,0,0,1,0,0,0
Illinois,Cook County,17031230100,1,0,0,0,0,1,0,0,0
Illinois,Cook County,17031230200,1,0,0,0,0,1,0,0,0
Illinois,Cook County,17031230300,1,0,0,0,0,1,0,0,0
Illinois,Cook County,17031230400,1,0,0,0,0,1,0,0,0
Illinois,Cook County,17031230500,1,0,0,0,0,1,0,0,0
Illinois,Cook County,17031230600,1,0,0,0,0,1,0,0,0
Illinois,Cook County,17031230700,1,0,0,0,0,1,0,0,0
Illinois,Cook County,17031230800,1,0,0,0,0,1,0,0,0
Illinois,Cook County,17031230900,1,0,0,0,0,1,0,0,0
Illinois,Cook County,17031231100,1,0,0,0,0,1,0,0,0
Illinois,Cook County,17031231200,1,0,1,0,1,1,0,1,0
Illinois,Cook County,17031231500,1,0,1,0,1,1,0,1,0
Illinois,Cook County,17031240200,1,0,0,0,0,0,0,0,0
Illinois,Cook County,17031240300,1,0,0,0,0,0,0,0,0
Illinois,Cook County,17031240500,1,0,0,0,0,0,0,0,0
Illinois,Cook County,17031240600,1,0,0,0,0,0,0,0,0
Illinois,Cook County,17031240700,1,0,0,0,0,1,0,0,0
Illinois,Cook County,17031240800,1,0,0,0,0,1,0,0,0
Illinois,Cook County,17031240900,1,0,0,0,0,1,0,0,0
Illinois,Cook County,17031241000,1,0,0,0,0,1,0,0,0
Illinois,Cook County,17031241100,1,0,0,0,0,1,0,0,0
Illinois,Cook County,17031241200,1,0,0,0,0,0,0,0,0
Illinois,Cook County,17031241300,1,0,0,0,0,0,0,0,0
Illinois,Cook County,17031241400,1,0,0,0,0,0,0,0,0
Illinois,Cook County,17031241500,1,0,0,0,0,0,0,0,0
Illinois,Cook County,17031241600,1,0,0,0,0,0,0,0,0
Illinois,Cook County,17031242000,1,0,0,0,0,0,0,0,0
Illinois,Cook County,17031242100,1,0,0,0,0,0,0,0,0
Illinois,Cook County,17031242200,1,0,0,0,0,0,0,0,0
Illinois,Cook County,17031242300,1,0,0,0,0,0,0,0,0
Illinois,Cook County,17031242400,1,0,0,0,0,0,0,0,0
Illinois,Cook County,17031242500,1,0,0,0,0,0,0,0,0
Illinois,Cook County,17031242600,1,0,0,0,0,1,0,0,0
Illinois,Cook County,17031242700,1,0,0,0,0,1,0,0,0
Illinois,Cook County,17031242800,1,0,0,0,0,0,0,0,0
Illinois,Cook County,17031242900,1,0,0,0,0,0,0,0,0
Illinois,Cook County,17031243000,1,0,0,0,0,0,0,0,0
Illinois,Cook County,17031243100,1,0,0,0,0,0,0,0,0
Illinois,Cook County,17031243200,1,0,0,0,0,0,0,0,0
Illinois,Cook County,17031243300,1,0,0,0,0,0,0,0,0
Illinois,Cook County,17031243400,1,0,0,0,0,0,0,0,0
Illinois,Cook County,17031243500,1,0,0,0,0,0,0,0,0
Illinois,Cook County,17031250200,1,0,0,0,0,1,0,0,0
Illinois,Cook County,17031250300,1,0,0,0,0,1,0,0,0
Illinois,Cook County,17031250400,1,0,0,0,0,1,0,0,0
Illinois,Cook County,17031250500,1,0,0,0,0,0,0,1,0
Illinois,Cook County,17031250600,1,0,1,0,0,1,0,1,0
Illinois,Cook County,17031250700,1,0,1,0,1,1,0,1,0
Illinois,Cook County,17031250800,1,0,1,0,0,1,0,1,0
Illinois,Cook County,17031251000,1,0,1,0,0,1,0,1,0
Illinois,Cook County,17031251100,1,0,1,0,1,1,0,1,0
Illinois,Cook County,17031251200,1,0,1,0,1,1,0,1,0
Illinois,Cook County,17031251300,1,0,1,0,1,1,0,1,0
Illinois,Cook County,17031251400,1,0,1,0,1,1,0,1,0
Illinois,Cook County,17031251500,1,0,1,0,1,1,0,1,0
Illinois,Cook County,17031251600,1,0,1,0,1,1,0,1,0
Illinois,Cook County,17031251700,1,0,1,0,0,1,0,1,0
Illinois,Cook County,17031251800,1,0,0,0,0,1,0,0,0
Illinois,Cook County,17031251900,1,0,0,0,0,1,0,0,0
Illinois,Cook County,17031252000,1,0,0,0,0,1,0,0,0
Illinois,Cook County,17031252101,1,0,0,0,0,1,0,0,0
Illinois,Cook County,17031252102,1,0,0,0,0,1,0,0,0
Illinois,Cook County,17031252201,1,0,0,0,0,1,0,0,0
Illinois,Cook County,17031252202,1,0,0,0,0,1,0,0,0
Illinois,Cook County,17031260100,1,0,0,0,0,1,0,0,0
Illinois,Cook County,17031260200,1,0,0,0,0,1,0,0,0
Illinois,Cook County,17031260300,1,0,0,0,0,1,0,0,0
Illinois,Cook County,17031260400,1,0,0,0,0,1,0,0,0
Illinois,Cook County,17031260500,1,0,0,0,0,1,0,0,0
Illinois,Cook County,17031260600,1,0,0,0,0,1,0,0,0
Illinois,Cook County,17031260700,1,0,0,0,0,1,0,0,0
Illinois,Cook County,17031260800,1,0,0,0,0,1,0,0,0
Illinois,Cook County,17031260900,1,0,0,0,0,1,0,0,0
Illinois,Cook County,17031261000,1,0,0,0,0,1,0,0,0
Illinois,Cook County,17031270500,1,0,0,0,0,1,0,0,0
Illinois,Cook County,17031271200,1,0,1,0,1,1,0,1,0
Illinois,Cook County,17031271300,1,0,1,0,1,1,0,1,0
Illinois,Cook County,17031271400,1,0,1,0,1,1,0,1,0
Illinois,Cook County,17031271500,1,0,0,0,0,1,0,0,0
Illinois,Cook County,17031271800,1,0,0,0,0,1,0,0,0
Illinois,Cook County,17031280100,1,0,0,0,0,0,0,0,0
Illinois,Cook County,17031280400,1,0,0,0,0,1,0,0,0
Illinois,Cook County,17031280800,1,0,0,0,0,1,0,0,0
Illinois,Cook County,17031280900,1,0,0,0,0,1,0,0,0
Illinois,Cook County,17031281900,1,0,0,0,0,0,0,0,0
Illinois,Cook County,17031282700,1,0,1,0,1,1,0,1,0
Illinois,Cook County,17031282800,1,0,1,0,1,1,0,1,0
Illinois,Cook County,17031283100,1,0,0,0,0,1,0,0,0
Illinois,Cook County,17031283200,1,0,0,0,0,1,0,0,0
Illinois,Cook County,17031283800,1,0,1,0,1,1,0,1,0
Illinois,Cook County,17031290900,1,0,1,0,1,1,0,1,0
Illinois,Cook County,17031291200,1,0,0,0,0,1,0,0,0
Illinois,Cook County,17031291600,1,0,0,0,0,1,0,0,0
Illinois,Cook County,17031292200,1,0,0,0,0,1,0,0,0
Illinois,Cook County,17031292400,1,0,0,0,0,1,0,0,0
Illinois,Cook County,17031292500,1,0,1,0,1,1,0,1,0
Illinois,Cook County,17031300500,1,0,0,0,0,1,0,0,0
Illinois,Cook County,17031300600,1,0,0,0,0,1,0,0,0
Illinois,Cook County,17031300700,1,0,0,0,0,1,0,0,0
Illinois,Cook County,17031300800,1,0,0,0,0,1,0,0,0
Illinois,Cook County,17031300900,1,0,0,0,0,1,0,0,0
Illinois,Cook County,17031301100,1,0,0,0,0,1,0,0,0
Illinois,Cook County,17031301200,1,0,0,0,0,1,0,0,0
Illinois,Cook County,17031301600,1,0,0,0,0,1,0,0,0
Illinois,Cook County,17031301701,1,0,0,0,0,1,0,0,0
Illinois,Cook County,17031301702,1,0,1,0,0,1,0,1,0
Illinois,Cook County,17031301801,1,0,0,0,0,1,0,0,0
Illinois,Cook County,17031301802,1,0,0,0,0,1,0,0,0
Illinois,Cook County,17031301803,1,0,0,0,0,1,0,0,0
Illinois,Cook County,17031310200,1,0,0,0,0,0,0,0,0
Illinois,Cook County,17031310300,1,0,1,0,0,1,0,1,0
Illinois,Cook County,17031310400,1,0,0,0,0,0,0,1,0
Illinois,Cook County,17031310500,1,0,1,0,1,1,0,1,0
Illinois,Cook County,17031310600,1,0,0,0,0,1,0,0,0
Illinois,Cook County,17031310700,1,0,0,0,0,1,0,0,0
Illinois,Cook County,17031310800,1,0,0,0,0,1,0,0,0
Illinois,Cook County,17031310900,1,0,0,0,0,1,0,0,0
Illinois,Cook County,17031320100,1,0,0,0,0,0,0,0,0
Illinois,Cook County,17031320400,1,0,0,0,0,0,0,0,0
Illinois,Cook County,17031320600,1,0,0,0,0,0,0,0,0
Illinois,Cook County,17031330100,1,0,0,0,0,0,0,0,0
Illinois,Cook County,17031330200,1,0,0,0,0,0,0,0,0
Illinois,Cook County,17031340300,1,0,0,0,0,1,0,0,0
Illinois,Cook County,17031340400,1,0,0,0,0,1,0,0,0
Illinois,Cook County,17031340500,1,0,1,0,1,1,0,1,0
Illinois,Cook County,17031340600,1,0,1,0,1,1,0,1,0
Illinois,Cook County,17031350100,1,0,1,0,1,1,0,1,0
Illinois,Cook County,17031350400,1,0,0,0,0,1,0,0,0
Illinois,Cook County,17031351000,1,0,0,0,0,1,0,0,0
Illinois,Cook County,17031351100,1,0,0,0,0,1,0,0,0
Illinois,Cook County,17031351400,1,0,1,0,1,1,0,1,0
Illinois,Cook County,17031351500,1,0,1,0,0,1,0,1,0
Illinois,Cook County,17031360200,1,0,0,0,0,1,0,0,0
Illinois,Cook County,17031380100,1,0,0,0,0,1,0,0,0
Illinois,Cook County,17031380200,1,0,0,0,0,1,0,0,0
Illinois,Cook County,17031380500,1,0,0,0,0,1,0,0,0
Illinois,Cook County,17031380700,1,0,0,0,0,1,0,0,0
Illinois,Cook County,17031381200,1,0,0,0,0,1,0,0,0
Illinois,Cook County,17031381400,1,0,1,0,1,1,0,1,0
Illinois,Cook County,17031381500,1,0,1,0,0,1,0,1,0
Illinois,Cook County,17031381800,1,0,1,0,1,1,0,1,0
Illinois,Cook County,17031381900,1,0,0,0,0,1,0,0,0
Illinois,Cook County,17031390100,1,0,0,0,0,0,0,0,0
Illinois,Cook County,17031390200,1,0,0,0,0,0,0,0,0
Illinois,Cook County,17031390300,1,0,0,0,0,1,0,0,0
Illinois,Cook County,17031390400,1,0,0,0,0,1,0,0,0
Illinois,Cook County,17031390500,1,0,0,0,0,0,0,1,0
Illinois,Cook County,17031390600,1,0,0,0,0,0,0,0,0
Illinois,Cook County,17031390700,1,0,0,0,0,0,0,0,0
Illinois,Cook County,17031400300,1,0,1,0,1,1,0,1,0
Illinois,Cook County,17031400400,1,0,1,0,1,1,0,1,0
Illinois,Cook County,17031400500,1,0,1,0,1,1,0,1,0
Illinois,Cook County,17031400800,1,0,0,0,0,1,0,0,0
Illinois,Cook County,17031410100,1,0,0,0,0,1,0,0,0
Illinois,Cook County,17031410200,1,0,0,0,0,1,0,0,0
Illinois,Cook County,17031410500,1,0,0,0,0,1,0,0,0
Illinois,Cook County,17031410600,1,0,0,0,0,1,0,0,0
Illinois,Cook County,17031410700,1,0,0,0,0,1,0,0,0
Illinois,Cook County,17031410800,1,0,0,0,0,1,0,0,0
Illinois,Cook County,17031410900,1,0,0,0,0,1,0,0,0
Illinois,Cook County,17031411000,1,0,0,0,0,0,0,1,0
Illinois,Cook County,17031411100,1,0,0,0,0,0,0,1,0
Illinois,Cook County,17031411200,1,0,0,0,0,0,0,0,0
Illinois,Cook County,17031420100,1,0,1,0,1,1,0,1,0
Illinois,Cook County,17031420200,1,0,1,0,1,1,0,1,0
Illinois,Cook County,17031420300,1,0,1,0,0,1,0,1,0
Illinois,Cook County,17031420400,1,0,0,0,0,1,0,0,0
Illinois,Cook County,17031420500,1,0,0,0,0,1,0,0,0
Illinois,Cook County,17031420600,1,0,0,0,0,1,0,0,0
Illinois,Cook County,17031420700,1,0,0,0,0,1,0,0,0
Illinois,Cook County,17031420800,1,0,0,0,0,1,0,0,0
Illinois,Cook County,17031421200,1,0,0,0,0,1,0,0,0
Illinois,Cook County,17031430101,1,0,1,0,1,1,0,1,0
Illinois,Cook County,17031430102,1,0,1,0,1,1,0,1,0
Illinois,Cook County,17031430200,1,0,1,0,1,1,0,1,0
Illinois,Cook County,17031430300,1,0,0,0,0,1,0,0,0
Illinois,Cook County,17031430400,1,0,0,0,0,1,0,0,0
Illinois,Cook County,17031430500,1,0,0,0,0,1,0,0,0
Illinois,Cook County,17031430600,1,0,1,0,1,1,0,1,0
Illinois,Cook County,17031430700,1,1,1,1,1,1,1,1,1
Illinois,Cook County,17031430800,1,0,1,0,1,1,0,1,0
Illinois,Cook County,17031430900,1,0,0,0,0,1,0,0,0
Illinois,Cook County,17031431200,1,0,1,0,1,1,0,1,0
Illinois,Cook County,17031431301,1,0,1,0,1,1,0,1,0
Illinois,Cook County,17031431302,1,0,1,0,1,1,0,1,0
Illinois,Cook County,17031431400,1,1,1,1,1,1,1,1,1
Illinois,Cook County,17031440101,1,0,1,0,1,1,0,1,0
Illinois,Cook County,17031440102,1,0,1,0,1,1,0,1,0
Illinois,Cook County,17031440201,1,0,1,0,1,1,0,1,0
Illinois,Cook County,17031440202,1,0,1,0,1,1,0,1,0
Illinois,Cook County,17031440300,1,0,0,0,0,1,0,0,0
Illinois,Cook County,17031440600,1,0,0,0,0,0,0,0,0
Illinois,Cook County,17031440700,1,0,1,0,1,1,0,1,0
Illinois,Cook County,17031440800,1,0,1,0,1,1,0,1,0
Illinois,Cook County,17031440900,1,1,1,1,1,1,1,1,1
Illinois,Cook County,17031450300,1,0,1,0,0,1,0,1,0
Illinois,Cook County,17031460100,1,0,1,0,1,1,0,1,0
Illinois,Cook County,17031460200,1,0,1,0,0,1,0,1,0
Illinois,Cook County,17031460301,1,0,0,0,0,1,0,0,0
Illinois,Cook County,17031460302,1,0,0,0,0,1,0,0,0
Illinois,Cook County,17031460400,1,0,1,0,0,1,0,1,0
Illinois,Cook County,17031460500,1,0,1,0,1,1,0,1,0
Illinois,Cook County,17031460600,1,0,0,0,0,1,0,0,0
Illinois,Cook County,17031460700,1,0,0,0,0,1,0,0,0
Illinois,Cook County,17031461000,1,0,0,0,0,1,0,0,0
Illinois,Cook County,17031470100,1,0,1,0,1,1,0,1,0
Illinois,Cook County,17031480100,1,0,0,0,0,0,0,1,0
Illinois,Cook County,17031480200,1,0,0,0,0,1,0,0,0
Illinois,Cook County,17031480300,1,0,1,0,1,1,0,1,0
Illinois,Cook County,17031480400,1,0,1,0,1,1,0,1,0
Illinois,Cook County,17031480500,1,0,1,0,0,1,0,1,0
Illinois,Cook County,17031490300,1,0,1,0,1,1,0,1,0
Illinois,Cook County,17031490400,1,0,1,0,0,1,0,1,0
Illinois,Cook County,17031490500,1,0,0,0,0,0,0,1,0
Illinois,Cook County,17031490600,1,1,1,1,0,1,1,1,1
Illinois,Cook County,17031490700,1,0,1,0,1,1,0,1,0
Illinois,Cook County,17031490800,1,0,0,0,0,1,0,0,0
Illinois,Cook County,17031490901,1,0,1,0,1,1,0,1,0
Illinois,Cook County,17031490902,1,0,1,0,1,1,0,1,0
Illinois,Cook County,17031491000,1,0,1,0,1,1,0,1,0
Illinois,Cook County,17031491100,1,0,0,0,0,0,0,1,0
Illinois,Cook County,17031491200,1,0,0,0,0,1,0,0,0
Illinois,Cook County,17031491300,1,0,1,0,1,1,0,1,0
Illinois,Cook County,17031491400,1,1,1,1,1,1,1,1,1
Illinois,Cook County,17031500100,1,0,1,0,1,1,0,1,0
Illinois,Cook County,17031500200,1,0,1,0,1,1,0,1,0
Illinois,Cook County,17031500300,1,0,1,0,1,1,0,1,0
Illinois,Cook County,17031510100,1,0,1,0,1,1,0,1,0
Illinois,Cook County,17031510200,1,0,1,0,0,1,0,1,0
Illinois,Cook County,17031510300,1,0,1,0,0,1,0,1,0
Illinois,Cook County,17031520100,1,0,1,0,0,1,0,1,0
Illinois,Cook County,17031520200,1,0,1,0,1,1,0,1,0
Illinois,Cook County,17031520300,1,0,0,0,0,1,0,0,0
Illinois,Cook County,17031520400,1,0,0,0,0,1,0,0,0
Illinois,Cook County,17031520500,1,0,1,0,0,1,0,1,0
Illinois,Cook County,17031520600,1,0,1,0,0,1,0,1,0
Illinois,Cook County,17031530100,1,1,1,1,1,1,1,1,1
Illinois,Cook County,17031530200,1,0,1,0,1,1,0,1,0
Illinois,Cook County,17031530300,1,0,0,0,0,1,0,0,0
Illinois,Cook County,17031530400,1,0,1,0,1,1,0,1,0
Illinois,Cook County,17031530501,1,0,1,0,0,1,0,1,0
Illinois,Cook County,17031530502,1,1,1,1,0,1,1,1,1
Illinois,Cook County,17031530503,1,1,1,1,1,1,1,1,1
Illinois,Cook County,17031530600,1,1,1,1,1,1,1,1,1
Illinois,Cook County,17031540101,1,1,1,1,1,1,1,1,1
Illinois,Cook County,17031540102,1,1,1,1,1,1,1,1,1
Illinois,Cook County,17031550100,1,0,1,0,0,1,0,1,0
Illinois,Cook County,17031550200,1,0,0,0,0,0,0,1,0
Illinois,Cook County,17031560100,1,0,0,0,0,0,0,1,0
Illinois,Cook County,17031560200,1,1,1,1,1,1,1,1,1
Illinois,Cook County,17031560300,1,0,1,0,0,1,0,1,0
Illinois,Cook County,17031560400,1,0,1,0,0,1,0,1,0
Illinois,Cook County,17031560700,1,0,0,0,0,0,0,0,0
Illinois,Cook County,17031560800,1,0,0,0,0,0,0,1,0
Illinois,Cook County,17031560900,1,0,0,0,0,0,0,1,0
Illinois,Cook County,17031561000,1,0,0,0,0,0,0,1,0
Illinois,Cook County,17031561100,1,0,0,0,0,0,0,1,0
Illinois,Cook County,17031570100,1,0,0,0,0,1,0,0,0
Illinois,Cook County,17031570200,1,0,0,0,0,1,0,0,0
Illinois,Cook County,17031570300,1,0,0,0,0,1,0,0,0
Illinois,Cook County,17031570400,1,0,0,0,0,1,0,0,0
Illinois,Cook County,17031570500,1,0,0,0,0,1,0,0,0
Illinois,Cook County,17031580100,1,0,1,0,0,1,0,1,0
Illinois,Cook County,17031580200,1,0,1,0,0,1,0,1,0
Illinois,Cook County,17031580300,1,0,0,0,0,1,0,0,0
Illinois,Cook County,17031580400,1,0,1,0,0,1,0,1,0
Illinois,Cook County,17031580501,1,0,0,0,0,1,0,0,0
Illinois,Cook County,17031580502,1,0,0,0,0,1,0,0,0
Illinois,Cook County,17031580600,1,0,1,0,0,1,0,1,0
Illinois,Cook County,17031580700,1,0,1,0,0,1,0,1,0
Illinois,Cook County,17031580800,1,0,1,0,0,1,0,1,0
Illinois,Cook County,17031590500,1,0,0,0,0,1,0,0,0
Illinois,Cook County,17031590600,1,0,0,0,0,1,0,0,0
Illinois,Cook County,17031590700,1,0,0,0,0,1,0,0,0
Illinois,Cook County,17031600400,1,0,0,0,0,1,0,0,0
Illinois,Cook County,17031600600,1,0,0,0,0,1,0,0,0
Illinois,Cook County,17031600700,1,0,0,0,0,1,0,0,0
Illinois,Cook County,17031600900,1,0,0,0,0,1,0,0,0
Illinois,Cook County,17031610300,1,0,0,0,0,1,0,0,0
Illinois,Cook County,17031610400,1,0,0,0,0,1,0,0,0
Illinois,Cook County,17031610800,1,0,0,0,0,1,0,0,0
Illinois,Cook County,17031611000,1,0,1,0,0,1,0,1,0
Illinois,Cook County,17031611100,1,0,1,0,0,1,0,1,0
Illinois,Cook County,17031611200,1,0,0,0,0,1,0,0,0
Illinois,Cook County,17031611300,1,0,0,0,0,1,0,0,0
Illinois,Cook County,17031611400,1,0,0,0,0,1,0,0,0
Illinois,Cook County,17031611500,1,0,0,0,0,1,0,0,0
Illinois,Cook County,17031611600,1,0,1,0,0,1,0,1,0
Illinois,Cook County,17031611700,1,0,0,0,0,1,0,0,0
Illinois,Cook County,17031611800,1,0,0,0,0,1,0,0,0
Illinois,Cook County,17031611900,1,0,1,0,1,1,0,1,0
Illinois,Cook County,17031612000,1,0,1,0,1,1,0,1,0
Illinois,Cook County,17031612100,1,0,1,0,1,1,0,1,0
Illinois,Cook County,17031620100,1,0,0,0,0,1,0,0,0
Illinois,Cook County,17031620200,1,0,1,0,0,1,0,1,0
Illinois,Cook County,17031620300,1,0,1,0,0,1,0,1,0
Illinois,Cook County,17031620400,1,0,0,0,0,0,0,0,0
Illinois,Cook County,17031630100,1,0,0,0,0,1,0,0,0
Illinois,Cook County,17031630200,1,0,1,0,0,1,0,1,0
Illinois,Cook County,17031630300,1,0,0,0,0,1,0,0,0
Illinois,Cook County,17031630400,1,0,0,0,0,1,0,0,0
Illinois,Cook County,17031630500,1,0,1,0,1,1,0,1,0
Illinois,Cook County,17031630800,1,0,0,0,0,1,0,0,0
Illinois,Cook County,17031630900,1,0,0,0,0,1,0,0,0
Illinois,Cook County,17031640100,1,0,0,0,0,1,0,0,0
Illinois,Cook County,17031640300,1,0,0,0,0,0,0,1,0
Illinois,Cook County,17031640400,1,0,0,0,0,0,0,0,0
Illinois,Cook County,17031640500,1,0,0,0,0,0,0,1,0
Illinois,Cook County,17031640600,1,0,1,0,1,1,0,1,0
Illinois,Cook County,17031640700,1,1,1,1,0,1,1,1,1
Illinois,Cook County,17031640800,1,0,0,0,0,1,0,0,0
Illinois,Cook County,17031650100,1,0,0,0,0,1,0,0,0
Illinois,Cook County,17031650200,1,0,0,0,0,1,0,0,0
Illinois,Cook County,17031650301,1,0,0,0,0,1,0,0,0
Illinois,Cook County,17031650302,1,0,0,0,0,1,0,0,0
Illinois,Cook County,17031650400,1,1,1,1,1,1,1,1,1
Illinois,Cook County,17031650500,1,0,0,0,0,0,0,1,0
Illinois,Cook County,17031660301,1,0,0,0,0,1,0,0,0
Illinois,Cook County,17031660302,1,0,0,0,0,1,0,0,0
Illinois,Cook County,17031660400,1,0,0,0,0,1,0,0,0
Illinois,Cook County,17031660500,1,0,0,0,0,1,0,0,0
Illinois,Cook County,17031660600,1,0,1,0,1,1,0,1,0
Illinois,Cook County,17031660700,1,0,1,0,1,1,0,1,0
Illinois,Cook County,17031660800,1,0,1,0,1,1,0,1,0
Illinois,Cook County,17031660900,1,0,1,0,1,1,0,1,0
Illinois,Cook County,17031661000,1,0,0,0,0,1,0,0,0
Illinois,Cook County,17031661100,1,1,1,1,1,1,1,1,1
Illinois,Cook County,17031670100,1,0,1,0,1,1,0,1,0
Illinois,Cook County,17031670200,1,0,1,0,1,1,0,1,0
Illinois,Cook County,17031670300,1,0,1,0,1,1,0,1,0
Illinois,Cook County,17031670400,1,0,1,0,1,1,0,1,0
Illinois,Cook County,17031670500,1,0,1,0,0,1,0,1,0
Illinois,Cook County,17031670600,1,0,1,0,1,1,0,1,0
Illinois,Cook County,17031670700,1,0,1,0,0,1,0,1,0
Illinois,Cook County,17031670800,1,0,1,0,1,1,0,1,0
Illinois,Cook County,17031670900,1,0,1,0,1,1,0,1,0
Illinois,Cook County,17031671100,1,0,1,0,0,1,0,1,0
Illinois,Cook County,17031671200,1,0,1,0,1,1,0,1,0
Illinois,Cook County,17031671300,1,0,1,0,1,1,0,1,0
Illinois,Cook County,17031671400,1,0,1,0,1,1,0,1,0
Illinois,Cook County,17031671500,1,0,1,0,1,1,0,1,0
Illinois,Cook County,17031671600,1,0,1,0,0,1,0,1,0
Illinois,Cook County,17031671800,1,0,0,0,0,1,0,0,0
Illinois,Cook County,17031671900,1,0,0,0,0,1,0,0,0
Illinois,Cook County,17031672000,1,0,1,0,0,1,0,1,0
Illinois,Cook County,17031680500,1,0,1,0,1,1,0,1,0
Illinois,Cook County,17031680600,1,0,1,0,0,1,0,1,0
Illinois,Cook County,17031680900,1,0,0,0,0,1,0,0,0
Illinois,Cook County,17031681000,1,0,1,0,1,1,0,1,0
Illinois,Cook County,17031681100,1,0,0,0,0,1,0,0,0
Illinois,Cook County,17031681200,1,0,0,0,0,1,0,0,0
Illinois,Cook County,17031681300,1,0,0,0,0,1,0,0,0
Illinois,Cook County,17031681400,1,0,0,0,0,1,0,0,0
Illinois,Cook County,17031690300,1,0,0,0,0,1,0,0,0
Illinois,Cook County,17031690400,1,0,0,0,0,1,0,0,0
Illinois,Cook County,17031690500,1,0,0,0,0,1,0,0,0
Illinois,Cook County,17031690900,1,0,0,0,1,1,0,0,0
Illinois,Cook County,17031691000,1,0,0,0,0,0,0,0,0
Illinois,Cook County,17031691100,1,0,0,0,0,1,0,0,0
Illinois,Cook County,17031691200,1,0,0,0,0,1,0,0,0
Illinois,Cook County,17031691300,1,0,0,0,0,1,0,0,0
Illinois,Cook County,17031691400,1,0,1,0,0,1,0,1,0
Illinois,Cook County,17031691500,1,0,1,0,1,1,0,1,0
Illinois,Cook County,17031700100,1,0,0,0,0,0,1,1,1
Illinois,Cook County,17031700200,1,0,0,0,0,0,1,1,1
Illinois,Cook County,17031700301,1,0,0,0,0,0,0,1,0
Illinois,Cook County,17031700302,1,0,0,0,0,0,0,1,0
Illinois,Cook County,17031700401,1,0,0,0,0,0,0,1,0
Illinois,Cook County,17031700402,1,0,1,0,0,1,0,1,0
Illinois,Cook County,17031700501,1,0,0,0,0,0,0,1,0
Illinois,Cook County,17031700502,1,0,0,0,0,0,0,1,0
Illinois,Cook County,17031710100,1,0,0,0,0,1,0,0,0
Illinois,Cook County,17031710200,1,0,0,0,0,1,0,0,0
Illinois,Cook County,17031710300,1,0,0,0,0,1,0,0,0
Illinois,Cook County,17031710400,1,0,0,0,0,1,0,0,0
Illinois,Cook County,17031710500,1,0,0,0,0,1,0,0,0
Illinois,Cook County,17031710600,1,0,1,0,1,1,0,1,0
Illinois,Cook County,17031710700,1,0,1,0,1,1,0,1,0
Illinois,Cook County,17031710800,1,0,1,0,0,1,0,1,0
Illinois,Cook County,17031710900,1,0,0,0,0,1,0,0,0
Illinois,Cook County,17031711000,1,0,1,0,1,1,0,1,0
Illinois,Cook County,17031711100,1,0,1,0,0,1,0,1,0
Illinois,Cook County,17031711200,1,0,1,0,0,1,0,1,0
Illinois,Cook County,17031711300,1,0,0,0,0,1,0,0,0
Illinois,Cook County,17031711400,1,0,1,0,1,1,0,1,0
Illinois,Cook County,17031711500,1,0,1,0,0,1,0,1,0
Illinois,Cook County,17031720100,1,0,0,0,0,0,0,0,0
Illinois,Cook County,17031720200,1,0,0,0,0,0,0,1,0
Illinois,Cook County,17031720300,1,0,0,0,0,0,0,1,0
Illinois,Cook County,17031720400,1,0,0,0,0,0,0,1,0
Illinois,Cook County,17031720500,1,0,0,0,0,0,0,1,0
Illinois,Cook County,17031720600,1,0,0,0,0,0,0,1,0
Illinois,Cook County,17031720700,1,0,0,0,0,0,1,1,1
Illinois,Cook County,17031730100,1,0,1,0,1,1,0,1,0
Illinois,Cook County,17031730201,1,0,0,0,0,1,0,0,0
Illinois,Cook County,17031730202,1,0,0,0,0,0,0,1,0
Illinois,Cook County,17031730300,1,0,0,0,0,1,0,0,0
Illinois,Cook County,17031730400,1,0,0,0,0,0,0,1,0
Illinois,Cook County,17031730500,1,1,1,1,1,1,1,1,1
Illinois,Cook County,17031730600,1,0,1,0,1,1,0,1,0
Illinois,Cook County,17031730700,1,0,1,0,0,1,0,1,0
Illinois,Cook County,17031740100,1,0,0,0,0,0,0,1,0
Illinois,Cook County,17031740200,1,0,0,0,0,0,0,1,0
Illinois,Cook County,17031740300,1,0,0,0,0,0,0,1,0
Illinois,Cook County,17031740400,1,0,0,0,0,0,0,1,0
Illinois,Cook County,17031750100,1,0,1,0,1,1,0,1,0
Illinois,Cook County,17031750200,1,0,0,0,0,0,0,1,0
Illinois,Cook County,17031750300,1,0,0,0,0,0,0,0,0
Illinois,Cook County,17031750400,1,0,0,0,0,0,0,1,0
Illinois,Cook County,17031750500,1,0,1,0,0,1,0,1,0
Illinois,Cook County,17031750600,1,0,1,0,1,1,0,1,0
Illinois,Cook County,17031760801,1,0,0,0,0,0,0,1,0
Illinois,Cook County,17031760802,1,0,0,0,0,0,0,0,0
Illinois,Cook County,17031760803,1,0,1,0,1,1,0,1,0
Illinois,Cook County,17031770201,1,0,0,0,0,0,0,1,0
Illinois,Cook County,17031770202,1,0,0,0,0,0,0,1,0
Illinois,Cook County,17031770300,1,0,0,0,0,0,1,1,1
Illinois,Cook County,17031770400,1,0,0,0,0,0,0,1,0
Illinois,Cook County,17031770500,1,1,1,1,0,1,1,1,1
Illinois,Cook County,17031770601,1,0,0,0,0,0,0,1,0
Illinois,Cook County,17031770602,1,0,1,0,0,1,0,1,0
Illinois,Cook County,17031770700,1,0,0,0,0,0,1,1,1
Illinois,Cook County,17031770800,1,1,1,1,1,1,1,1,1
Illinois,Cook County,17031770901,1,0,0,0,0,0,0,1,0
Illinois,Cook County,17031770902,1,0,0,0,0,0,0,1,0
Illinois,Cook County,17031800100,1,0,0,0,0,0,0,1,0
Illinois,Cook County,17031800200,1,0,0,0,0,0,0,1,0
Illinois,Cook County,17031800300,1,0,0,0,0,0,0,1,0
Illinois,Cook County,17031800400,1,0,0,0,0,0,0,1,0
Illinois,Cook County,17031800500,1,0,0,0,0,0,0,1,0
Illinois,Cook County,17031800600,1,0,0,0,0,0,1,1,1
Illinois,Cook County,17031800700,1,0,0,0,0,0,1,1,1
Illinois,Cook County,17031800800,1,0,0,0,0,0,0,1,0
Illinois,Cook County,17031800900,1,0,0,0,0,0,0,1,0
Illinois,Cook County,17031801000,1,0,0,0,0,0,1,1,1
Illinois,Cook County,17031801100,1,0,0,0,0,0,0,1,0
Illinois,Cook County,17031801200,1,0,0,0,0,0,0,1,0
Illinois,Cook County,17031801300,1,0,0,0,0,0,0,1,0
Illinois,Cook County,17031801400,1,0,0,0,0,0,1,1,1
Illinois,Cook County,17031801500,1,0,0,0,0,0,0,1,0
Illinois,Cook County,17031801601,1,0,0,0,0,0,1,1,1
Illinois,Cook County,17031801603,1,0,1,0,0,1,0,1,0
Illinois,Cook County,17031801605,1,0,0,0,0,0,1,1,1
Illinois,Cook County,17031801606,1,0,0,0,0,0,1,1,1
Illinois,Cook County,17031801607,1,0,0,0,0,0,0,1,0
Illinois,Cook County,17031801608,1,0,0,0,0,0,0,1,0
Illinois,Cook County,17031801701,1,0,0,0,0,0,0,1,0
Illinois,Cook County,17031801702,1,0,0,0,0,0,0,1,0
Illinois,Cook County,17031801800,1,0,0,0,0,0,0,1,0
Illinois,Cook County,17031801901,1,0,0,0,0,0,0,1,0
Illinois,Cook County,17031801902,1,0,0,0,0,0,0,1,0
Illinois,Cook County,17031802002,1,0,0,0,0,0,0,1,0
Illinois,Cook County,17031802003,1,0,0,0,0,0,0,1,0
Illinois,Cook County,17031802004,1,0,0,0,0,1,0,0,0
Illinois,Cook County,17031802100,1,0,0,0,0,0,0,1,0
Illinois,Cook County,17031802200,1,0,0,0,0,0,0,1,0
Illinois,Cook County,17031802300,1,0,0,0,0,0,1,1,1
Illinois,Cook County,17031802402,1,0,0,0,0,0,0,1,0
Illinois,Cook County,17031802403,1,0,0,0,0,0,0,1,0
Illinois,Cook County,17031802404,1,0,1,0,1,1,0,1,0
Illinois,Cook County,17031802503,1,0,0,0,0,0,0,1,0
Illinois,Cook County,17031802504,1,0,0,0,0,0,0,1,0
Illinois,Cook County,17031802505,1,0,1,0,1,1,0,1,0
Illinois,Cook County,17031802506,1,0,0,0,0,0,0,1,0
Illinois,Cook County,17031802605,1,0,0,0,0,0,1,1,1
Illinois,Cook County,17031802607,1,0,0,0,0,0,0,1,0
Illinois,Cook County,17031802608,1,0,0,0,0,0,0,1,0
Illinois,Cook County,17031802609,1,0,1,0,1,1,0,1,0
Illinois,Cook County,17031802610,1,0,0,0,0,0,0,1,0
Illinois,Cook County,17031802701,1,0,0,0,0,0,0,1,0
Illinois,Cook County,17031802702,1,0,0,0,0,0,1,1,1
Illinois,Cook County,17031802801,1,0,0,0,0,0,0,1,0
Illinois,Cook County,17031802802,1,0,0,0,0,0,1,1,1
Illinois,Cook County,17031802900,1,0,0,0,0,0,0,1,0
Illinois,Cook County,17031803005,1,0,0,0,0,0,0,1,0
Illinois,Cook County,17031803007,1,0,0,0,0,0,0,1,0
Illinois,Cook County,17031803008,1,0,0,0,0,0,1,1,1
Illinois,Cook County,17031803010,1,0,0,0,0,0,1,1,1
Illinois,Cook County,17031803012,1,0,0,0,0,0,0,0,0
Illinois,Cook County,17031803013,1,0,0,0,0,0,0,1,0
Illinois,Cook County,17031803014,1,0,0,0,0,0,1,1,1
Illinois,Cook County,17031803015,1,0,0,0,0,0,1,1,1
Illinois,Cook County,17031803016,1,0,0,0,0,0,0,1,0
Illinois,Cook County,17031803017,1,0,0,0,0,0,1,1,1
Illinois,Cook County,17031803100,1,0,0,0,0,0,0,1,0
Illinois,Cook County,17031803200,1,0,0,0,0,0,1,1,1
Illinois,Cook County,17031803300,1,0,0,0,0,0,0,1,0
Illinois,Cook County,17031803400,1,0,0,0,0,0,0,1,0
Illinois,Cook County,17031803500,1,0,0,0,0,0,0,1,0
Illinois,Cook County,17031803603,1,0,0,0,0,0,1,1,1
Illinois,Cook County,17031803604,1,0,0,0,0,0,0,1,0
Illinois,Cook County,17031803605,1,0,0,0,0,0,0,1,0
Illinois,Cook County,17031803606,1,0,1,0,0,1,0,1,0
Illinois,Cook County,17031803607,1,0,0,0,0,0,1,1,1
Illinois,Cook County,17031803608,1,0,0,0,0,0,1,1,1
Illinois,Cook County,17031803610,1,0,0,0,0,0,1,1,1
Illinois,Cook County,17031803611,1,0,1,0,0,1,0,1,0
Illinois,Cook County,17031803612,1,0,1,0,0,1,0,1,0
Illinois,Cook County,17031803701,1,0,0,0,0,0,0,1,0
Illinois,Cook County,17031803702,1,0,0,0,0,0,1,1,1
Illinois,Cook County,17031803800,1,0,0,0,0,0,0,1,0
Illinois,Cook County,17031803901,1,0,0,0,0,0,1,1,1
Illinois,Cook County,17031803902,1,0,0,0,0,0,0,1,0
Illinois,Cook County,17031804000,1,0,0,0,0,0,0,1,0
Illinois,Cook County,17031804102,1,0,0,0,0,0,1,1,1
Illinois,Cook County,17031804104,1,0,0,0,0,0,0,1,0
Illinois,Cook County,17031804105,1,0,0,0,0,0,1,1,1
Illinois,Cook County,17031804106,1,0,0,0,0,0,1,1,1
Illinois,Cook County,17031804108,1,0,0,0,0,0,0,1,0
Illinois,Cook County,17031804109,1,0,0,0,0,0,0,1,0
Illinois,Cook County,17031804201,1,0,0,0,0,0,1,1,1
Illinois,Cook County,17031804202,1,0,0,0,0,0,1,1,1
Illinois,Cook County,17031804305,1,0,0,0,0,0,1,1,1
Illinois,Cook County,17031804306,1,0,0,0,0,0,1,1,1
Illinois,Cook County,17031804308,1,0,0,0,0,0,0,1,0
Illinois,Cook County,17031804309,1,0,0,0,0,0,0,1,0
Illinois,Cook County,17031804310,1,0,0,0,0,0,1,1,1
Illinois,Cook County,17031804311,1,0,0,0,0,0,1,1,1
Illinois,Cook County,17031804403,1,0,0,0,0,0,1,1,1
Illinois,Cook County,17031804404,1,0,0,0,0,0,0,1,0
Illinois,Cook County,17031804405,1,0,1,0,0,1,0,1,0
Illinois,Cook County,17031804406,1,0,0,0,0,0,1,1,1
Illinois,Cook County,17031804505,1,0,0,0,0,0,1,1,1
Illinois,Cook County,17031804506,1,0,0,0,0,0,1,1,1
Illinois,Cook County,17031804507,1,0,0,0,0,0,1,1,1
Illinois,Cook County,17031804508,1,0,1,0,0,1,0,1,0
Illinois,Cook County,17031804509,1,0,0,0,0,0,0,1,0
Illinois,Cook County,17031804510,1,0,1,0,0,1,0,1,0
Illinois,Cook County,17031804511,1,0,1,0,0,1,0,1,0
Illinois,Cook County,17031804603,1,0,0,0,0,0,0,1,0
Illinois,Cook County,17031804606,1,0,0,0,0,0,0,1,0
Illinois,Cook County,17031804607,1,0,0,0,0,0,1,1,1
Illinois,Cook County,17031804608,1,0,0,0,0,0,0,1,0
Illinois,Cook County,17031804609,1,0,0,0,0,0,1,1,1
Illinois,Cook County,17031804610,1,0,0,0,0,0,1,1,1
Illinois,Cook County,17031804611,1,0,0,0,0,0,0,1,0
Illinois,Cook County,17031804701,1,0,0,0,0,0,1,1,1
Illinois,Cook County,17031804705,1,0,0,0,0,0,1,1,1
Illinois,Cook County,17031804706,1,0,0,0,0,0,0,1,0
Illinois,Cook County,17031804709,1,0,0,0,0,0,0,1,0
Illinois,Cook County,17031804710,1,0,0,0,0,0,1,1,1
Illinois,Cook County,17031804711,1,0,0,0,0,0,0,1,0
Illinois,Cook County,17031804712,1,0,0,0,0,0,1,1,1
Illinois,Cook County,17031804713,1,0,0,0,0,0,0,1,0
Illinois,Cook County,17031804714,1,0,0,0,0,0,1,1,1
Illinois,Cook County,17031804715,1,0,0,0,0,1,0,0,0
Illinois,Cook County,17031804716,1,0,0,0,0,0,0,1,0
Illinois,Cook County,17031804803,1,0,0,0,0,0,1,1,1
Illinois,Cook County,17031804804,1,0,0,0,0,0,1,1,1
Illinois,Cook County,17031804805,1,0,0,0,0,0,1,1,1
Illinois,Cook County,17031804806,1,0,0,0,0,0,0,1,0
Illinois,Cook County,17031804807,1,0,0,0,0,0,1,1,1
Illinois,Cook County,17031804808,1,0,0,0,0,0,1,1,1
Illinois,Cook County,17031804809,1,0,0,0,0,0,1,1,1
Illinois,Cook County,17031804810,1,0,0,0,0,0,0,1,0
Illinois,Cook County,17031804901,1,0,0,0,0,0,0,1,0
Illinois,Cook County,17031804902,1,0,0,0,0,0,0,1,0
Illinois,Cook County,17031805001,1,0,0,0,0,0,0,1,0
Illinois,Cook County,17031805002,1,0,0,0,0,1,0,0,0
Illinois,Cook County,17031805105,1,0,1,0,0,1,0,1,0
Illinois,Cook County,17031805106,1,0,0,0,0,0,0,1,0
Illinois,Cook County,17031805107,1,0,1,0,0,1,0,1,0
Illinois,Cook County,17031805108,1,0,0,0,0,1,0,0,0
Illinois,Cook County,17031805109,1,0,0,0,0,0,0,1,0
Illinois,Cook County,17031805110,1,0,0,0,0,0,0,1,0
Illinois,Cook County,17031805111,1,0,1,0,0,1,0,1,0
Illinois,Cook County,17031805112,1,0,0,0,0,0,0,1,0
Illinois,Cook County,17031805201,1,0,0,0,0,0,0,1,0
Illinois,Cook County,17031805202,1,0,0,0,0,0,0,1,0
Illinois,Cook County,17031805301,1,0,0,0,0,0,0,1,0
Illinois,Cook County,17031805302,1,0,0,0,0,0,0,1,0
Illinois,Cook County,17031805401,1,0,0,0,0,0,0,1,0
Illinois,Cook County,17031805402,1,0,0,0,0,0,0,1,0
Illinois,Cook County,17031805501,1,0,0,0,0,0,0,1,0
Illinois,Cook County,17031805502,1,0,0,0,0,0,0,1,0
Illinois,Cook County,17031805600,1,0,0,0,0,0,0,1,0
Illinois,Cook County,17031805701,1,0,0,0,0,0,1,1,1
Illinois,Cook County,17031805702,1,0,0,0,0,0,0,0,0
Illinois,Cook County,17031805801,1,0,0,0,0,0,1,1,1
Illinois,Cook County,17031805802,1,0,0,0,0,0,0,1,0
Illinois,Cook County,17031805901,1,0,0,0,0,0,1,1,1
Illinois,Cook County,17031805902,1,0,0,0,0,0,0,1,0
Illinois,Cook County,17031806001,1,0,1,0,1,1,0,1,0
Illinois,Cook County,17031806002,1,1,1,1,1,1,1,1,1
Illinois,Cook County,17031806003,1,0,0,0,0,0,0,1,0
Illinois,Cook County,17031806004,1,0,0,0,0,1,0,0,0
Illinois,Cook County,17031806102,1,0,0,0,0,0,0,1,0
Illinois,Cook County,17031806103,1,0,0,0,0,0,1,1,1
Illinois,Cook County,17031806104,1,1,1,1,1,1,1,1,1
Illinois,Cook County,17031806201,1,0,0,0,0,1,0,0,0
Illinois,Cook County,17031806202,1,0,0,0,0,0,0,1,0
Illinois,Cook County,17031806300,1,0,0,0,0,0,0,1,0
Illinois,Cook County,17031806400,1,0,0,0,0,0,0,1,0
Illinois,Cook County,17031806501,1,0,0,0,0,1,0,0,0
Illinois,Cook County,17031806502,1,0,0,0,0,0,0,1,0
Illinois,Cook County,17031806600,1,0,0,0,0,0,0,1,0
Illinois,Cook County,17031806700,1,0,0,0,0,0,1,1,1
Illinois,Cook County,17031806801,1,0,0,0,0,0,0,1,0
Illinois,Cook County,17031806802,1,0,0,0,0,0,0,1,0
Illinois,Cook County,17031806900,1,0,0,0,0,0,0,1,0
Illinois,Cook County,17031807000,1,0,1,0,1,1,0,1,0
Illinois,Cook County,17031807100,1,0,0,0,0,0,0,1,0
Illinois,Cook County,17031807200,1,0,0,0,0,0,0,1,0
Illinois,Cook County,17031807300,1,0,0,0,0,0,0,1,0
Illinois,Cook County,17031807400,1,0,0,0,0,1,0,0,0
Illinois,Cook County,17031807500,1,0,0,0,0,0,0,0,0
Illinois,Cook County,17031807600,1,0,0,0,0,0,0,1,0
Illinois,Cook County,17031807700,1,0,0,0,0,0,0,1,0
Illinois,Cook County,17031807800,1,0,0,0,0,0,0,1,0
Illinois,Cook County,17031807900,1,0,0,0,0,0,1,1,1
Illinois,Cook County,17031808001,1,0,0,0,0,0,0,1,0
Illinois,Cook County,17031808002,1,0,0,0,0,0,0,1,0
Illinois,Cook County,17031808100,1,0,0,0,0,0,0,1,0
Illinois,Cook County,17031808200,1,0,0,0,0,0,0,1,0
Illinois,Cook County,17031808301,1,0,0,0,0,0,0,1,0
Illinois,Cook County,17031808302,1,0,0,0,0,0,0,1,0
Illinois,Cook County,17031808400,1,0,0,0,0,0,0,1,0
Illinois,Cook County,17031808500,1,0,0,0,0,0,0,1,0
Illinois,Cook County,17031808600,1,0,0,0,0,0,0,1,0
Illinois,Cook County,17031808702,1,0,1,0,0,1,0,1,0
Illinois,Cook County,17031808800,1,0,0,0,0,0,1,1,1
Illinois,Cook County,17031808900,1,0,0,0,0,0,1,1,1
Illinois,Cook County,17031809000,1,0,0,0,0,0,1,1,1
Illinois,Cook County,17031809100,1,0,0,0,0,0,0,1,0
Illinois,Cook County,17031809200,1,0,1,0,1,1,0,1,0
Illinois,Cook County,17031809300,1,0,1,0,1,1,0,1,0
Illinois,Cook County,17031809400,1,0,0,0,0,1,0,0,0
Illinois,Cook County,17031809500,1,0,0,0,0,1,0,0,0
Illinois,Cook County,17031809600,1,0,0,0,0,0,0,1,0
Illinois,Cook County,17031809700,1,0,0,0,0,0,0,0,0
Illinois,Cook County,17031809800,1,0,0,0,0,0,0,0,0
Illinois,Cook County,17031809900,1,0,0,0,0,0,0,0,0
Illinois,Cook County,17031810000,1,0,0,0,0,0,0,1,0
Illinois,Cook County,17031810100,1,0,0,0,0,0,0,0,0
Illinois,Cook County,17031810200,1,0,1,0,0,1,0,1,0
Illinois,Cook County,17031810301,1,0,0,0,0,0,0,1,0
Illinois,Cook County,17031810302,1,0,0,0,0,0,0,1,0
Illinois,Cook County,17031810400,1,0,0,0,0,0,0,1,0
Illinois,Cook County,17031810501,1,0,0,0,0,0,0,1,0
Illinois,Cook County,17031810502,1,0,0,0,0,0,0,1,0
Illinois,Cook County,17031810600,1,0,0,0,0,1,0,0,0
Illinois,Cook County,17031810701,1,0,1,0,0,1,0,1,0
Illinois,Cook County,17031810702,1,0,0,0,0,0,0,0,0
Illinois,Cook County,17031810800,1,0,0,0,0,0,0,1,0
Illinois,Cook County,17031810900,1,0,0,0,0,1,0,0,0
Illinois,Cook County,17031811000,1,0,0,0,0,0,0,1,0
Illinois,Cook County,17031811100,1,0,0,0,0,1,0,0,0
Illinois,Cook County,17031811200,1,0,0,0,0,0,0,1,0
Illinois,Cook County,17031811301,1,0,0,0,0,0,0,1,0
Illinois,Cook County,17031811302,1,0,1,0,0,1,0,1,0
Illinois,Cook County,17031811401,1,0,0,0,0,0,0,0,0
Illinois,Cook County,17031811402,1,0,0,0,0,0,0,1,0
Illinois,Cook County,17031811500,1,0,0,0,0,0,0,1,0
Illinois,Cook County,17031811600,1,0,1,0,0,1,0,1,0
Illinois,Cook County,17031811701,1,0,0,0,0,0,1,1,1
Illinois,Cook County,17031811702,1,1,1,1,0,1,1,1,1
Illinois,Cook County,17031811800,1,0,0,0,0,0,0,1,0
Illinois,Cook County,17031811900,1,0,0,0,0,0,0,1,0
Illinois,Cook County,17031812000,1,0,0,0,0,0,0,1,0
Illinois,Cook County,17031812100,1,0,0,0,0,0,0,1,0
Illinois,Cook County,17031812200,1,0,0,0,0,0,0,1,0
Illinois,Cook County,17031812301,1,0,0,0,0,0,0,1,0
Illinois,Cook County,17031812302,1,0,0,0,0,0,0,1,0
Illinois,Cook County,17031812400,1,0,0,0,0,0,0,1,0
Illinois,Cook County,17031812500,1,0,0,0,0,0,0,0,0
Illinois,Cook County,17031812600,1,0,0,0,0,0,0,0,0
Illinois,Cook County,17031812700,1,0,0,0,0,0,0,0,0
Illinois,Cook County,17031812801,1,0,0,0,0,0,0,0,0
Illinois,Cook County,17031812802,1,0,0,0,0,0,0,0,0
Illinois,Cook County,17031812900,1,0,0,0,0,0,0,0,0
Illinois,Cook County,17031813000,1,0,0,0,0,0,0,1,0
Illinois,Cook County,17031813100,1,0,0,0,0,0,0,1,0
Illinois,Cook County,17031813200,1,0,0,0,0,0,0,0,0
Illinois,Cook County,17031813301,1,0,0,0,0,1,0,0,0
Illinois,Cook County,17031813302,1,0,0,0,0,1,0,0,0
Illinois,Cook County,17031813400,1,0,0,0,0,1,0,0,0
Illinois,Cook County,17031813500,1,0,0,0,0,1,0,0,0
Illinois,Cook County,17031813600,1,0,0,0,0,1,0,0,0
Illinois,Cook County,17031813701,1,0,0,0,0,1,0,0,0
Illinois,Cook County,17031813702,1,0,0,0,0,1,0,0,0
Illinois,Cook County,17031813801,1,0,0,0,0,1,0,0,0
Illinois,Cook County,17031813802,1,0,0,0,0,1,0,0,0
Illinois,Cook County,17031813900,1,0,0,0,0,1,0,0,0
Illinois,Cook County,17031814000,1,0,0,0,0,1,0,0,0
Illinois,Cook County,17031814100,1,0,0,0,0,1,0,0,0
Illinois,Cook County,17031814200,1,0,0,0,0,1,0,0,0
Illinois,Cook County,17031814300,1,0,1,0,0,1,0,1,0
Illinois,Cook County,17031814400,1,1,1,1,1,1,1,1,1
Illinois,Cook County,17031814500,1,0,0,0,0,0,1,1,1
Illinois,Cook County,17031814600,1,0,0,0,0,1,0,0,0
Illinois,Cook County,17031814700,1,0,0,0,0,0,0,0,0
Illinois,Cook County,17031814800,1,0,0,0,0,0,0,0,0
Illinois,Cook County,17031814900,1,0,0,0,0,0,0,0,0
Illinois,Cook County,17031815000,1,0,0,0,0,1,0,0,0
Illinois,Cook County,17031815100,1,0,0,0,0,1,0,0,0
Illinois,Cook County,17031815200,1,0,1,0,0,1,0,1,0
Illinois,Cook County,17031815300,1,0,0,0,0,0,0,1,0
Illinois,Cook County,17031815400,1,0,0,0,0,0,0,0,0
Illinois,Cook County,17031815500,1,1,1,1,1,1,1,1,1
Illinois,Cook County,17031815600,1,0,0,0,0,0,0,1,0
Illinois,Cook County,17031815701,1,0,0,0,0,0,0,1,0
Illinois,Cook County,17031815702,1,0,0,0,0,0,0,1,0
Illinois,Cook County,17031815800,1,0,0,0,0,0,0,1,0
Illinois,Cook County,17031815900,1,0,0,0,0,0,0,0,0
Illinois,Cook County,17031816000,1,0,0,0,0,0,0,1,0
Illinois,Cook County,17031816100,1,0,0,0,0,0,0,0,0
Illinois,Cook County,17031816200,1,0,1,0,0,1,0,1,0
Illinois,Cook County,17031816300,1,0,0,0,0,0,0,0,0
Illinois,Cook County,17031816401,1,0,0,0,0,1,0,0,0
Illinois,Cook County,17031816402,1,0,0,0,0,1,0,0,0
Illinois,Cook County,17031816500,1,0,1,0,1,1,0,1,0
Illinois,Cook County,17031816600,1,0,1,0,1,1,0,1,0
Illinois,Cook County,17031816700,1,0,1,0,0,1,0,1,0
Illinois,Cook County,17031816800,1,0,0,0,0,0,0,1,0
Illinois,Cook County,17031816900,1,0,1,0,0,1,0,1,0
Illinois,Cook County,17031817000,1,0,0,0,0,0,0,1,0
Illinois,Cook County,17031817101,1,0,1,0,0,1,0,1,0
Illinois,Cook County,17031817102,1,0,1,0,0,1,0,1,0
Illinois,Cook County,17031817200,1,0,1,0,0,1,0,1,0
Illinois,Cook County,17031817300,1,0,1,0,1,1,0,1,0
Illinois,Cook County,17031817400,1,0,1,0,0,1,0,1,0
Illinois,Cook County,17031817500,1,1,1,1,1,1,1,1,1
Illinois,Cook County,17031817600,1,1,1,1,0,1,1,1,1
Illinois,Cook County,17031817700,1,0,0,0,0,0,0,1,0
Illinois,Cook County,17031817900,1,0,1,0,1,1,0,1,0
Illinois,Cook County,17031818000,1,0,0,0,0,0,0,1,0
Illinois,Cook County,17031818100,1,0,0,0,0,0,0,1,0
Illinois,Cook County,17031818200,1,0,0,0,0,0,0,1,0
Illinois,Cook County,17031818300,1,0,1,0,0,1,0,1,0
Illinois,Cook County,17031818401,1,0,0,0,0,0,1,1,1
Illinois,Cook County,17031818402,1,0,0,0,0,0,0,1,0
Illinois,Cook County,17031818500,1,0,0,0,0,0,0,1,0
Illinois,Cook County,17031818600,1,0,0,0,0,0,0,1,0
Illinois,Cook County,17031818700,1,0,0,0,0,0,0,1,0
Illinois,Cook County,17031818800,1,0,0,0,0,0,0,1,0
Illinois,Cook County,17031818900,1,0,0,0,0,0,0,1,0
Illinois,Cook County,17031819000,1,0,0,0,0,0,0,1,0
Illinois,Cook County,17031819100,1,0,0,0,0,0,0,1,0
Illinois,Cook County,17031819200,1,0,0,0,0,0,1,1,1
Illinois,Cook County,17031819300,1,0,0,0,0,0,0,1,0
Illinois,Cook County,17031819400,1,0,0,0,0,0,1,1,1
Illinois,Cook County,17031819500,1,0,0,0,0,0,0,1,0
Illinois,Cook County,17031819600,1,0,0,0,0,0,0,1,0
Illinois,Cook County,17031819700,1,0,0,0,0,0,0,1,0
Illinois,Cook County,17031819801,1,0,0,0,0,0,0,1,0
Illinois,Cook County,17031819802,1,0,0,0,0,0,0,1,0
Illinois,Cook County,17031819900,1,0,0,0,0,0,0,1,0
Illinois,Cook County,17031820000,1,0,0,0,0,0,0,1,0
Illinois,Cook County,17031820101,1,0,0,0,0,0,1,1,1
Illinois,Cook County,17031820103,1,0,0,0,0,0,0,1,0
Illinois,Cook County,17031820104,1,0,0,0,0,0,0,1,0
Illinois,Cook County,17031820201,1,0,0,0,0,0,1,1,1
Illinois,Cook County,17031820202,1,1,1,1,0,1,1,1,1
Illinois,Cook County,17031820300,1,0,1,0,0,1,0,1,0
Illinois,Cook County,17031820400,1,0,1,0,0,1,0,1,0
Illinois,Cook County,17031820501,1,0,0,0,0,0,0,1,0
Illinois,Cook County,17031820502,1,0,1,0,0,1,0,1,0
Illinois,Cook County,17031820603,1,1,1,1,0,1,1,1,1
Illinois,Cook County,17031820604,1,0,1,0,0,1,0,1,0
Illinois,Cook County,17031820605,1,0,1,0,1,1,0,1,0
Illinois,Cook County,17031820606,1,0,0,0,0,0,1,1,1
Illinois,Cook County,17031820700,1,0,0,0,0,0,0,1,0
Illinois,Cook County,17031820800,1,0,0,0,0,0,0,1,0
Illinois,Cook County,17031820901,1,1,1,1,1,1,1,1,1
Illinois,Cook County,17031820902,1,0,0,0,0,0,1,1,1
Illinois,Cook County,17031821001,1,0,0,0,0,0,0,1,0
Illinois,Cook County,17031821002,1,0,0,0,0,0,1,1,1
Illinois,Cook County,17031821101,1,1,1,1,0,1,1,1,1
Illinois,Cook County,17031821102,1,0,0,0,0,0,0,1,0
Illinois,Cook County,17031821200,1,0,1,0,0,1,0,1,0
Illinois,Cook County,17031821300,1,0,0,0,0,1,0,0,0
Illinois,Cook County,17031821401,1,0,1,0,1,1,0,1,0
Illinois,Cook County,17031821402,1,0,0,0,0,0,0,1,0
Illinois,Cook County,17031821500,1,1,1,1,1,1,1,1,1
Illinois,Cook County,17031821600,1,0,0,0,0,0,0,1,0
Illinois,Cook County,17031821700,1,0,0,0,0,0,0,1,0
Illinois,Cook County,17031821800,1,0,0,0,0,0,0,1,0
Illinois,Cook County,17031821900,1,0,0,0,0,0,0,1,0
Illinois,Cook County,17031822000,1,0,1,0,0,1,0,1,0
Illinois,Cook County,17031822101,1,0,0,0,0,0,0,1,0
Illinois,Cook County,17031822102,1,0,0,0,0,0,0,1,0
Illinois,Cook County,17031822200,1,0,0,0,0,0,1,1,1
Illinois,Cook County,17031822301,1,0,0,0,0,0,0,1,0
Illinois,Cook County,17031822302,1,0,0,0,0,0,0,1,0
Illinois,Cook County,17031822400,1,0,1,0,0,1,0,1,0
Illinois,Cook County,17031822500,1,0,0,0,0,0,1,1,1
Illinois,Cook County,17031822601,1,0,0,0,0,0,0,1,0
Illinois,Cook County,17031822602,1,0,0,0,0,0,1,1,1
Illinois,Cook County,17031822701,1,0,0,0,0,0,0,1,0
Illinois,Cook County,17031822702,1,0,1,0,0,1,0,1,0
Illinois,Cook County,17031822801,1,0,0,0,0,0,0,0,0
Illinois,Cook County,17031822802,1,0,0,0,0,0,0,1,0
Illinois,Cook County,17031822900,1,0,0,0,0,0,0,0,0
Illinois,Cook County,17031823001,1,0,1,0,0,1,0,1,0
Illinois,Cook County,17031823002,1,0,1,0,0,1,0,1,0
Illinois,Cook County,17031823101,1,0,1,0,1,1,0,1,0
Illinois,Cook County,17031823102,1,0,0,0,0,0,0,1,0
Illinois,Cook County,17031823200,1,0,0,0,0,0,1,1,1
Illinois,Cook County,17031823302,1,0,1,0,0,1,0,1,0
Illinois,Cook County,17031823303,1,0,1,0,0,1,0,1,0
Illinois,Cook County,17031823304,1,0,1,0,0,1,0,1,0
Illinois,Cook County,17031823400,1,0,1,0,0,1,0,1,0
Illinois,Cook County,17031823500,1,0,0,0,0,1,0,0,0
Illinois,Cook County,17031823602,1,0,0,0,0,0,1,1,1
Illinois,Cook County,17031823603,1,1,1,1,0,1,1,1,1
Illinois,Cook County,17031823604,1,0,0,0,0,0,0,1,0
Illinois,Cook County,17031823605,1,0,0,0,0,0,1,1,1
Illinois,Cook County,17031823702,1,0,1,0,1,1,0,1,0
Illinois,Cook County,17031823703,1,0,1,0,0,1,0,1,0
Illinois,Cook County,17031823704,1,0,0,0,0,0,0,1,0
Illinois,Cook County,17031823705,1,0,1,0,0,1,0,1,0
Illinois,Cook County,17031823801,0,0,0,0,0,0,0,0,0
Illinois,Cook County,17031823803,1,0,0,0,0,0,1,1,1
Illinois,Cook County,17031823805,1,0,0,0,0,0,1,1,1
Illinois,Cook County,17031823806,1,1,1,1,1,1,1,1,1
Illinois,Cook County,17031823901,1,0,0,0,0,0,1,1,1
Illinois,Cook County,17031823903,1,0,0,0,0,0,1,1,1
Illinois,Cook County,17031823904,1,0,0,0,0,0,1,1,1
Illinois,Cook County,17031824003,1,0,0,0,0,0,0,1,0
Illinois,Cook County,17031824004,1,0,0,0,0,0,1,1,1
Illinois,Cook County,17031824005,1,0,0,0,0,0,1,1,1
Illinois,Cook County,17031824006,1,0,0,0,0,0,1,1,1
Illinois,Cook County,17031824105,1,0,0,0,0,0,1,1,1
Illinois,Cook County,17031824106,1,0,0,0,0,0,1,1,1
Illinois,Cook County,17031824107,1,0,0,0,0,0,1,1,1
Illinois,Cook County,17031824108,1,0,0,0,0,0,1,1,1
Illinois,Cook County,17031824113,1,0,0,0,0,0,1,1,1
Illinois,Cook County,17031824114,1,0,0,0,0,0,1,1,1
Illinois,Cook County,17031824115,1,0,0,0,0,0,0,1,0
Illinois,Cook County,17031824116,1,0,0,0,0,0,1,1,1
Illinois,Cook County,17031824117,1,0,0,0,0,0,1,1,1
Illinois,Cook County,17031824119,1,0,0,0,0,0,1,1,1
Illinois,Cook County,17031824120,1,0,0,0,0,0,1,1,1
Illinois,Cook County,17031824121,1,0,0,0,0,0,1,1,1
Illinois,Cook County,17031824122,1,0,0,0,0,0,1,1,1
Illinois,Cook County,17031824123,1,0,0,0,0,0,0,1,0
Illinois,Cook County,17031824300,1,1,1,1,1,1,1,1,1
Illinois,Cook County,17031824400,1,0,1,0,1,1,0,1,0
Illinois,Cook County,17031824503,1,0,0,0,0,0,1,1,1
Illinois,Cook County,17031824505,1,0,0,0,0,0,0,1,0
Illinois,Cook County,17031824506,1,0,0,0,0,0,1,1,1
Illinois,Cook County,17031824507,1,0,0,0,0,0,0,1,0
Illinois,Cook County,17031824601,1,0,0,0,0,0,1,1,1
Illinois,Cook County,17031824602,1,0,0,0,0,0,0,1,0
Illinois,Cook County,17031824701,1,0,0,0,0,0,0,0,0
Illinois,Cook County,17031824702,1,0,0,0,0,0,1,1,1
Illinois,Cook County,17031824800,1,0,1,0,1,1,0,1,0
Illinois,Cook County,17031824900,1,1,1,1,0,1,1,1,1
Illinois,Cook County,17031825000,1,0,0,0,0,0,0,1,0
Illinois,Cook County,17031825200,1,0,0,0,0,0,0,1,0
Illinois,Cook County,17031825302,1,1,1,1,0,1,1,1,1
Illinois,Cook County,17031825303,1,0,0,0,0,0,0,1,0
Illinois,Cook County,17031825304,1,0,0,0,0,0,1,1,1
Illinois,Cook County,17031825400,1,0,0,0,0,0,1,1,1
Illinois,Cook County,17031825501,1,0,0,0,0,0,0,1,0
Illinois,Cook County,17031825503,1,0,0,0,0,0,0,1,0
Illinois,Cook County,17031825504,1,0,1,0,0,1,0,1,0
Illinois,Cook County,17031825505,1,0,1,0,0,1,0,1,0
Illinois,Cook County,17031825600,1,0,1,0,0,1,0,1,0
Illinois,Cook County,17031825700,1,1,1,1,1,1,1,1,1
Illinois,Cook County,17031825801,1,0,1,0,1,1,0,1,0
Illinois,Cook County,17031825802,1,1,1,1,1,1,1,1,1
Illinois,Cook County,17031825803,1,0,1,0,1,1,0,1,0
Illinois,Cook County,17031825900,1,0,1,0,1,1,0,1,0
Illinois,Cook County,17031826000,1,0,0,0,0,1,0,0,0
Illinois,Cook County,17031826100,1,0,1,0,1,1,0,1,0
Illinois,Cook County,17031826201,1,0,0,0,0,0,0,1,0
Illinois,Cook County,17031826202,1,1,1,1,1,1,1,1,1
Illinois,Cook County,17031826301,1,0,1,0,0,1,0,1,0
Illinois,Cook County,17031826303,1,0,1,0,0,1,0,1,0
Illinois,Cook County,17031826304,1,0,1,0,0,1,0,1,0
Illinois,Cook County,17031826401,1,0,1,0,1,1,0,1,0
Illinois,Cook County,17031826402,1,0,1,0,1,1,0,1,0
Illinois,Cook County,17031826500,1,0,1,0,1,1,0,1,0
Illinois,Cook County,17031826600,1,0,1,0,1,1,0,1,0
Illinois,Cook County,17031826700,1,0,1,0,1,1,0,1,0
Illinois,Cook County,17031826800,1,0,1,0,1,1,0,1,0
Illinois,Cook County,17031826901,1,0,1,0,0,1,0,1,0
Illinois,Cook County,17031826902,1,0,1,0,0,1,0,1,0
Illinois,Cook County,17031827000,1,1,1,1,1,1,1,1,1
Illinois,Cook County,17031827100,1,0,1,0,1,1,0,1,0
Illinois,Cook County,17031827200,1,0,1,0,1,1,0,1,0
Illinois,Cook County,17031827300,1,0,0,0,0,1,0,0,0
Illinois,Cook County,17031827400,1,0,1,0,1,1,0,1,0
Illinois,Cook County,17031827500,1,0,1,0,0,1,0,1,0
Illinois,Cook County,17031827600,1,1,1,1,1,1,1,1,1
Illinois,Cook County,17031827700,1,1,1,1,0,1,1,1,1
Illinois,Cook County,17031827801,1,0,1,0,0,1,0,1,0
Illinois,Cook County,17031827802,1,0,0,0,0,0,0,0,0
Illinois,Cook County,17031827804,1,0,0,0,0,0,0,1,0
Illinois,Cook County,17031827805,1,0,0,0,0,0,1,1,1
Illinois,Cook County,17031827901,1,0,0,0,0,0,0,1,0
Illinois,Cook County,17031827902,1,1,1,1,1,1,1,1,1
Illinois,Cook County,17031828000,1,0,1,0,1,1,0,1,0
Illinois,Cook County,17031828100,1,0,1,0,0,1,0,1,0
Illinois,Cook County,17031828201,1,0,1,0,0,1,0,1,0
Illinois,Cook County,17031828202,1,0,0,0,0,0,1,1,1
Illinois,Cook County,17031828300,1,0,0,0,0,0,1,1,1
Illinois,Cook County,17031828401,1,0,0,0,0,0,1,1,1
Illinois,Cook County,17031828402,1,0,0,0,0,0,0,1,0
Illinois,Cook County,17031828503,0,0,0,0,0,1,0,0,0
Illinois,Cook County,17031828504,1,1,1,1,0,1,1,1,1
Illinois,Cook County,17031828505,1,1,1,1,0,1,1,1,1
Illinois,Cook County,17031828506,1,1,1,1,0,1,1,1,1
Illinois,Cook County,17031828601,1,0,0,0,0,0,0,1,0
Illinois,Cook County,17031828602,1,0,0,0,0,0,0,1,0
Illinois,Cook County,17031828701,1,0,0,0,0,0,0,1,0
Illinois,Cook County,17031828702,1,1,1,1,0,1,1,1,1
Illinois,Cook County,17031828801,1,0,0,0,0,0,1,1,1
Illinois,Cook County,17031828802,1,0,0,0,0,0,0,1,0
Illinois,Cook County,17031828900,1,0,1,0,1,1,0,1,0
Illinois,Cook County,17031829000,1,0,1,0,1,1,0,1,0
Illinois,Cook County,17031829100,1,0,1,0,1,1,0,1,0
Illinois,Cook County,17031829200,1,0,1,0,1,1,0,1,0
Illinois,Cook County,17031829301,1,0,0,0,0,0,0,1,0
Illinois,Cook County,17031829302,1,0,0,0,0,1,0,0,0
Illinois,Cook County,17031829401,1,0,1,0,0,1,0,1,0
Illinois,Cook County,17031829402,1,0,1,0,0,1,0,1,0
Illinois,Cook County,17031829500,1,0,1,0,0,1,0,1,0
Illinois,Cook County,17031829600,1,0,0,0,0,0,0,1,0
Illinois,Cook County,17031829700,1,1,1,1,1,1,1,1,1
Illinois,Cook County,17031829800,1,0,0,0,0,0,0,1,0
Illinois,Cook County,17031829901,1,0,0,0,0,0,1,1,1
Illinois,Cook County,17031829902,1,0,0,0,0,0,0,1,0
Illinois,Cook County,17031830001,1,1,1,1,0,1,1,1,1
Illinois,Cook County,17031830003,1,0,0,0,0,0,1,1,1
Illinois,Cook County,17031830004,1,0,0,0,0,0,1,1,1
Illinois,Cook County,17031830005,1,0,0,0,0,0,0,1,0
Illinois,Cook County,17031830006,1,0,1,0,0,1,0,1,0
Illinois,Cook County,17031830007,1,1,1,1,1,1,1,1,1
Illinois,Cook County,17031830008,1,0,0,0,0,0,1,1,1
Illinois,Cook County,17031830100,1,0,0,0,0,0,0,1,0
Illinois,Cook County,17031830201,1,0,1,0,1,1,0,1,0
Illinois,Cook County,17031830202,1,0,1,0,0,1,0,1,0
Illinois,Cook County,17031830300,1,0,1,0,1,1,0,1,0
Illinois,Cook County,17031830400,1,0,1,0,0,1,0,1,0
Illinois,Cook County,17031830500,1,0,1,0,0,1,0,1,0
Illinois,Cook County,17031830600,1,0,0,0,0,1,0,0,0
Illinois,Cook County,17031830700,1,0,0,0,0,1,0,0,0
Illinois,Cook County,17031830800,1,0,0,0,0,0,0,0,0
Illinois,Cook County,17031830900,1,0,0,0,0,0,0,0,0
Illinois,Cook County,17031831000,1,0,0,0,0,0,0,0,0
Illinois,Cook County,17031831100,1,0,0,0,0,1,0,0,0
Illinois,Cook County,17031831200,1,0,0,0,0,1,0,0,0
Illinois,Cook County,17031831300,1,0,0,0,0,1,0,0,0
Illinois,Cook County,17031831400,1,0,0,0,0,1,0,0,0
Illinois,Cook County,17031831500,1,0,0,0,0,1,0,0,0
Illinois,Cook County,17031831600,1,0,0,0,0,1,0,0,0
Illinois,Cook County,17031831700,1,0,1,0,0,1,0,1,0
Illinois,Cook County,17031831800,1,0,0,0,0,0,0,1,0
Illinois,Cook County,17031831900,1,0,0,0,0,0,0,0,0
Illinois,Cook County,17031832000,1,0,0,0,0,0,0,0,0
Illinois,Cook County,17031832100,1,0,0,0,0,0,0,0,0
Illinois,Cook County,17031832200,1,0,0,0,0,0,0,0,0
Illinois,Cook County,17031832300,1,0,0,0,0,0,0,0,0
Illinois,Cook County,17031832400,1,0,0,0,0,0,0,0,0
Illinois,Cook County,17031832500,1,0,0,0,0,0,0,0,0
Illinois,Cook County,17031832600,1,0,0,0,0,0,0,0,0
Illinois,Cook County,17031832900,1,0,0,0,0,1,0,0,0
Illinois,Cook County,17031833000,1,0,0,0,0,0,0,0,0
Illinois,Cook County,17031833100,1,0,0,0,0,0,0,1,0
Illinois,Cook County,17031833300,1,0,0,0,0,1,0,0,0
Illinois,Cook County,17031833900,1,0,0,0,0,1,0,0,0
Illinois,Cook County,17031834000,1,0,1,0,1,1,0,1,0
Illinois,Cook County,17031834200,1,0,0,0,0,0,0,0,0
Illinois,Cook County,17031834300,1,0,0,0,0,0,0,1,0
Illinois,Cook County,17031834400,1,0,1,0,1,1,0,1,0
Illinois,Cook County,17031834500,1,0,0,0,0,1,0,0,0
Illinois,Cook County,17031834600,1,0,1,0,1,1,0,1,0
Illinois,Cook County,17031834700,1,0,1,0,1,1,0,1,0
Illinois,Cook County,17031834800,1,0,0,0,0,1,0,0,0
Illinois,Cook County,17031834900,1,0,1,0,1,1,0,1,0
Illinois,Cook County,17031835000,1,0,0,0,0,1,0,0,0
Illinois,Cook County,17031835100,1,0,1,0,0,1,0,1,0
Illinois,Cook County,17031835200,1,0,1,0,0,1,0,1,0
Illinois,Cook County,17031835500,1,0,1,0,1,1,0,1,0
Illinois,Cook County,17031835600,1,0,1,0,1,1,0,1,0
Illinois,Cook County,17031835800,1,0,0,0,0,1,0,0,0
Illinois,Cook County,17031835900,1,0,0,0,0,1,0,0,0
Illinois,Cook County,17031836000,1,0,0,0,0,1,0,0,0
Illinois,Cook County,17031836100,1,0,1,0,1,1,0,1,0
Illinois,Cook County,17031836200,1,0,0,0,0,1,0,0,0
Illinois,Cook County,17031836300,1,0,0,0,0,1,0,0,0
Illinois,Cook County,17031836400,1,0,0,0,0,1,0,0,0
Illinois,Cook County,17031836500,1,0,0,0,0,1,0,0,0
Illinois,Cook County,17031836600,1,0,0,0,0,1,0,0,0
Illinois,Cook County,17031836700,1,0,0,0,0,1,0,0,0
Illinois,Cook County,17031836800,1,0,1,0,1,1,0,1,0
Illinois,Cook County,17031836900,1,0,1,0,1,1,0,1,0
Illinois,Cook County,17031837000,1,0,1,0,1,1,0,1,0
Illinois,Cook County,17031837100,1,0,1,0,1,1,0,1,0
Illinois,Cook County,17031837300,1,0,0,0,0,1,0,0,0
Illinois,Cook County,17031837400,1,0,1,0,0,1,0,1,0
Illinois,Cook County,17031837800,1,0,0,0,0,1,0,0,0
Illinois,Cook County,17031838000,1,0,0,0,0,1,0,0,0
Illinois,Cook County,17031838100,1,0,1,0,1,1,0,1,0
Illinois,Cook County,17031838200,1,0,1,0,1,1,0,1,0
Illinois,Cook County,17031838300,1,0,0,0,0,0,0,0,0
Illinois,Cook County,17031838600,1,0,0,0,0,1,0,0,0
Illinois,Cook County,17031838700,1,0,0,0,0,1,0,0,0
Illinois,Cook County,17031838800,1,1,1,1,1,1,1,1,1
Illinois,Cook County,17031839000,1,0,0,0,0,0,0,0,0
Illinois,Cook County,17031839100,1,0,0,0,0,0,0,0,0
Illinois,Cook County,17031839200,1,0,1,0,1,1,0,1,0
Illinois,Cook County,17031839500,1,0,0,0,0,1,0,0,0
Illinois,Cook County,17031839600,1,0,0,0,0,1,0,0,0
Illinois,Cook County,17031839700,1,0,1,0,1,1,0,1,0
Illinois,Cook County,17031839800,1,0,1,0,0,1,0,1,0
Illinois,Cook County,17031839900,1,0,0,0,0,0,0,1,0
Illinois,Cook County,17031840000,1,0,0,0,0,0,1,1,1
Illinois,Cook County,17031840100,1,0,0,0,0,1,0,0,0
Illinois,Cook County,17031840200,1,0,0,0,0,0,0,0,0
Illinois,Cook County,17031840300,1,0,1,0,0,1,0,1,0
Illinois,Cook County,17031840400,1,0,0,0,0,1,0,0,0
Illinois,Cook County,17031840700,1,0,0,0,0,1,0,0,0
Illinois,Cook County,17031840800,1,0,0,0,0,1,0,0,0
Illinois,Cook County,17031841000,1,0,0,0,0,0,0,1,0
Illinois,Cook County,17031841100,1,0,0,0,0,1,0,0,0
Illinois,Cook County,17031841200,1,0,0,0,0,1,0,0,0
Illinois,Cook County,17031841300,1,0,0,0,0,1,0,0,0
Illinois,Cook County,17031841400,1,0,0,0,0,1,0,0,0
Illinois,Cook County,17031841500,1,0,1,0,0,1,0,1,0
Illinois,Cook County,17031841600,1,0,0,0,0,1,0,0,0
Illinois,Cook County,17031841700,1,0,0,0,0,1,0,0,0
Illinois,Cook County,17031841800,1,0,0,0,0,1,0,0,0
Illinois,Cook County,17031841900,1,0,0,0,0,0,0,1,0
Illinois,Cook County,17031842000,1,0,1,0,0,1,0,1,0
Illinois,Cook County,17031842100,1,0,1,0,1,1,0,1,0
Illinois,Cook County,17031842200,1,0,0,0,0,0,0,0,0
Illinois,Cook County,17031842300,1,0,0,0,0,0,0,0,0
Illinois,Cook County,17031842400,1,0,0,0,0,1,0,0,0
Illinois,Cook County,17031842500,1,0,0,0,0,1,0,0,0
Illinois,Cook County,17031842600,1,0,1,0,0,1,0,1,0
Illinois,Cook County,17031842800,1,0,1,0,1,1,0,1,0
Illinois,Cook County,17031842900,1,0,0,0,0,1,0,0,0
Illinois,Cook County,17031843000,1,0,0,0,0,1,0,0,0
Illinois,Cook County,17031843100,1,0,1,0,0,1,0,1,0
Illinois,Cook County,17031843200,1,0,0,0,0,1,0,0,0
Illinois,Cook County,17031843300,1,0,1,0,0,1,0,1,0
Illinois,Cook County,17031843400,1,0,0,0,0,1,0,0,0
Illinois,Cook County,17031843500,1,0,0,0,0,1,0,0,0
Illinois,Cook County,17031843600,1,0,0,0,0,1,0,0,0
Illinois,Cook County,17031843700,1,0,0,0,0,0,0,0,0
Illinois,Cook County,17031843800,1,0,1,0,1,1,0,1,0
Illinois,Cook County,17031843900,1,1,1,1,1,1,1,1,1
